-- phpMyAdmin SQL Dump
-- version 4.6.5.2
-- https://www.phpmyadmin.net/
--
-- Host: 127.0.0.1
-- Generation Time: Nov 30, 2018 at 02:59 AM
-- Server version: 10.1.21-MariaDB
-- PHP Version: 7.1.1

SET SQL_MODE = "NO_AUTO_VALUE_ON_ZERO";
SET time_zone = "+00:00";


/*!40101 SET @OLD_CHARACTER_SET_CLIENT=@@CHARACTER_SET_CLIENT */;
/*!40101 SET @OLD_CHARACTER_SET_RESULTS=@@CHARACTER_SET_RESULTS */;
/*!40101 SET @OLD_COLLATION_CONNECTION=@@COLLATION_CONNECTION */;
/*!40101 SET NAMES utf8mb4 */;

--
-- Database: `piket`
--

-- --------------------------------------------------------

--
-- Table structure for table `foto`
--

CREATE TABLE `foto` (
  `id` int(11) NOT NULL,
  `nama` varchar(80) NOT NULL,
  `tgl_kirim` date NOT NULL,
  `kelas` varchar(6) NOT NULL
) ENGINE=InnoDB DEFAULT CHARSET=latin1;

-- --------------------------------------------------------

--
-- Table structure for table `kelas`
--

CREATE TABLE `kelas` (
  `kd_kelas` varchar(6) NOT NULL,
  `tngkt_kelas` varchar(2) NOT NULL,
  `jurusan` varchar(3) NOT NULL,
  `paralel` varchar(1) NOT NULL
) ENGINE=InnoDB DEFAULT CHARSET=latin1;

--
-- Dumping data for table `kelas`
--

INSERT INTO `kelas` (`kd_kelas`, `tngkt_kelas`, `jurusan`, `paralel`) VALUES
('10PH1', '10', 'PH', '1'),
('10PH2', '10', 'PH', '2'),
('10PH3', '10', 'PH', '3'),
('10RPL1', '10', 'RPL', '1'),
('10RPL2', '10', 'RPL', '2'),
('10TBG1', '10', 'TBG', '1'),
('10TBG2', '10', 'TBG', '2'),
('10TBG3', '10', 'TBG', '3'),
('10TBS1', '10', 'TBS', '1'),
('10TBS2', '10', 'TBS', '2'),
('10TBS3', '10', 'TBS', '3'),
('10UPW1', '10', 'UPW', '1'),
('11PH1', '11', 'PH', '1'),
('11PH2', '11', 'PH', '2'),
('11PH3', '11', 'PH', '3'),
('11RPL1', '11', 'RPL', '1'),
('11RPL2', '11', 'RPL', '2'),
('11TBG1', '11', 'TBG', '1'),
('11TBG2', '11', 'TBG', '2'),
('11TBG3', '11', 'TBG', '3'),
('11TBS1', '11', 'TBS', '1'),
('11TBS2', '11', 'TBS', '2'),
('11TBS3', '11', 'TBS', '3'),
('11UPW1', '11', 'UPW', '1'),
('12PH1', '12', 'PH', '1'),
('12PH2', '12', 'PH', '2'),
('12RPL1', '12', 'RPL', '1'),
('12RPL2', '12', 'RPL', '2'),
('12TBG1', '12', 'TBG', '1'),
('12TBG2', '12', 'TBG', '2'),
('12TBS1', '12', 'TBS', '1'),
('12TBS2', '12', 'TBS', '2');

-- --------------------------------------------------------

--
-- Table structure for table `piket`
--

CREATE TABLE `piket` (
  `id_piket` int(6) NOT NULL,
  `nis` varchar(12) NOT NULL,
  `nama` varchar(36) NOT NULL,
  `kelas` varchar(12) NOT NULL,
  `tgl_piket` date NOT NULL,
  `status` varchar(1) NOT NULL
) ENGINE=InnoDB DEFAULT CHARSET=latin1;

--
-- Dumping data for table `piket`
--

INSERT INTO `piket` (`id_piket`, `nis`, `nama`, `kelas`, `tgl_piket`, `status`) VALUES
(1, '6747', 'Alfa Marchel', '12RPL1', '2018-10-22', '1'),
(2, '6789', 'Danang Bagus Y.', '12RPL1', '2018-10-22', '1'),
(3, '6846', 'Ivan Gabriel', '12RPL1', '2018-10-22', '1'),
(4, '6882', 'Muhammad Raihan N.', '12RPL1', '2018-10-22', '1'),
(5, '6761', 'Aris Ardiyanto', '12RPL1', '2018-10-26', '1'),
(6, '6873', 'Muhammad Abdur Rofi', '12RPL1', '2018-10-26', '1'),
(7, '6870', 'Mohamad Rizky Rezaldi', '12RPL2', '2018-11-16', '1'),
(8, '6879', 'Muhammad Farhan Adib Naufal', '12RPL2', '2018-11-16', '1'),
(9, '6951', 'Satrio Pambudhi Ashideanto', '12RPL1', '2018-11-30', '1');

-- --------------------------------------------------------

--
-- Table structure for table `siswa`
--

CREATE TABLE `siswa` (
  `no` int(2) NOT NULL,
  `nis` varchar(12) NOT NULL,
  `name` varchar(36) NOT NULL,
  `gender` varchar(1) NOT NULL,
  `kelas` varchar(6) NOT NULL,
  `hari` varchar(6) NOT NULL
) ENGINE=InnoDB DEFAULT CHARSET=latin1;

--
-- Dumping data for table `siswa`
--

INSERT INTO `siswa` (`no`, `nis`, `name`, `gender`, `kelas`, `hari`) VALUES
(2, '6508', 'Anjas Mara', 'L', '12PH1', 'Rabu'),
(1, '6735', 'Abdulloh', 'L', '12RPL1', 'Rabu'),
(1, '6736', 'Achmad Fadillah Moeslem', 'L', '12PH2', 'Jum\'at'),
(1, '6737', 'Achmad Rizky Rhamadan', 'L', '12TBG1', 'Senin'),
(1, '6739', 'Adinda Yulia Dwiyanti', 'P', '12TBG2', 'Kamis'),
(2, '6740', 'Adriel Marcel Geraldo', 'L', '12RPL1', 'Senin'),
(1, '6741', 'Afifah Ramadhantie', 'P', '12PH1', 'Senin'),
(1, '6742', 'Ahmad Al Desrahim', 'L', '12RPL2', 'Senin'),
(2, '6743', 'Ahmad Kahfi', 'L', '12RPL2', 'Jumat'),
(3, '6744', 'Ahmad Muwaffaq', 'L', '12RPL2', 'Kamis'),
(2, '6745', 'Akmal Hidayat Pleyte', 'L', '12TBG1', 'Senin'),
(3, '6746', 'Aldy Syachranie', 'L', '12RPL1', 'Selasa'),
(4, '6747', 'Alfa Marchel', 'L', '12RPL1', 'Senin'),
(3, '6748', 'Alivia Asyrifatul Azifah', 'P', '12TBG1', 'Senin'),
(5, '6749', 'Alivia Khusnul Khotimah', 'P', '12RPL1', 'Kamis'),
(4, '6750', 'Alviani Dwi Savitri', 'P', '12TBG1', 'Senin'),
(3, '6751', 'Amelia Rinjani', 'P', '12TBG2', 'Jum\'at'),
(2, '6752', 'Ananda Galuh Liani', 'P', '12TBG2', 'Selasa'),
(1, '6754', 'Anggi Nur Oktaviani', 'P', '12TBS2', 'Senin'),
(5, '6755', 'Anggita Indriyanti', 'P', '12TBG1', 'Senin'),
(4, '6756', 'Anika Marina Sirtis', 'P', '12TBG2', 'Senin'),
(2, '6757', 'Anita Hafila Nugraeni', 'P', '12PH2', 'Selasa'),
(1, '6758', 'Annisa Roro Widyarisni', 'P', '12TBS1', 'Senin'),
(7, '6759', 'Arien Alen Sucahyo', 'P', '12TBG1', 'Selasa'),
(4, '6760', 'Arif Pradana', 'L', '12RPL2', 'Kamis'),
(7, '6761', 'Aris Ardiyanto', 'L', '12RPL1', 'Jumat'),
(2, '6762', 'Arum Setianingrum', 'P', '12TBS2', 'Senin'),
(8, '6763', 'Arya Dharma Dwiputera', 'L', '12RPL1', 'Rabu'),
(2, '6764', 'Asahya Fairuz Dhahwah', 'P', '12TBS1', 'Senin'),
(5, '6765', 'Asep Parhan', 'L', '12RPL2', 'Senin'),
(3, '6766', 'Astri Indriani', 'P', '12TBS1', 'Senin'),
(6, '6767', 'Asyam Ahmad Ramadhan', 'L', '12RPL2', 'Selasa'),
(7, '6768', 'Augdri Alif Arthavafeda', 'L', '12RPL2', 'Jumat'),
(3, '6769', 'Aulia Farra Pratiwi', 'P', '12TBS2', 'Senin'),
(4, '6770', 'Aulia Vebri Clania', 'P', '12TBS2', 'Senin'),
(4, '6771', 'Aurel Salvadila Latansya', 'P', '12TBS1', 'Senin'),
(3, '6772', 'Aviliani Septiana', 'P', '12PH1', 'Jum\'at'),
(5, '6773', 'Ayu Afriani', 'P', '12TBS1', 'Senin'),
(5, '6774', 'Ayu Komala Dewi', 'P', '12TBS2', 'Senin'),
(4, '6775', 'Ayu Lestari', 'P', '12PH1', 'Jum\'at'),
(3, '6776', 'Bagas Fajar Pradipta', 'L', '12PH2', 'Senin'),
(8, '6777', 'Beliza Nurmaretha', 'P', '12RPL2', 'Kamis'),
(6, '6778', 'Bella Widyawati', 'P', '12TBS2', 'Senin'),
(7, '6779', 'Birry Dinda Rabi\'ah Tsania', 'P', '12TBS2', 'Selasa'),
(4, '6780', 'Bunga Chintya', 'P', '12PH2', 'Selasa'),
(5, '6782', 'Cahya Wulandari Puspa Ningrum', 'P', '12TBG2', 'Jum\'at'),
(5, '6783', 'Chandra Aditya', 'L', '12PH1', 'Kamis'),
(6, '6784', 'Chastuti Kasanah', 'P', '12TBG2', 'Rabu'),
(7, '6785', 'Christi Febry Linawati', 'P', '12TBG2', 'Selasa'),
(8, '6786', 'Christoforus Abimanyu Ramadya', 'L', '12TBG1', 'Selasa'),
(5, '6787', 'Dafina Mawaddah Salsabilla', 'P', '12PH2', 'Rabu'),
(9, '6788', 'Damar Anggoro Hermawan', 'L', '12RPL2', 'Senin'),
(9, '6789', 'Danang Bagus Yuliansyah', 'L', '12RPL1', 'Senin'),
(10, '6790', 'Daniel Nomensen Sidauruk', 'L', '12RPL1', 'Selasa'),
(6, '6791', 'David Haryo Saputro', 'L', '12PH1', 'Selasa'),
(10, '6792', 'Dendy Sampto Adi', 'L', '12RPL2', 'Rabu'),
(6, '6793', 'Deniza Dwi Andrea', 'L', '12PH2', 'Kamis'),
(9, '6794', 'Devi Damayanti', 'P', '12TBG1', 'Selasa'),
(8, '6796', 'Diah Utami', 'P', '12TBG2', 'Kamis'),
(6, '6797', 'Diana Rohmah Larasti', 'P', '12TBS1', 'Senin'),
(10, '6798', 'Diani Arviana Jaya', 'P', '12TBG1', 'Selasa'),
(7, '6799', 'Dinda Hafifah', 'P', '12PH2', 'Senin'),
(11, '6800', 'Diyah Cahya Ningrum', 'P', '12TBG1', 'Selasa'),
(7, '6801', 'Dolce Tromboni', 'P', '12PH1', 'Kamis'),
(8, '6802', 'Dosma Sherina Ramawaty', 'P', '12PH1', 'Rabu'),
(7, '6803', 'Dwi Liora Vedra', 'P', '11PH2', ''),
(8, '6804', 'Eka Aulia Putri', 'P', '12PH2', 'Rabu'),
(8, '6805', 'Elena Juniyanti', 'P', '12TBS2', 'Selasa'),
(9, '6806', 'Elyana Febianingsih', 'P', '12PH1', 'Selasa'),
(9, '6807', 'Erika', 'P', '12TBS2', 'Selasa'),
(12, '6809', 'Evi Suryani', 'P', '12TBG1', 'Selasa'),
(11, '6810', 'Fadly Dermawan', 'L', '12RPL2', 'Rabu'),
(9, '6811', 'Fahri Fathin Muhaimin', 'L', '12TBG2', 'Senin'),
(11, '6812', 'Farid Setiawan', 'L', '12RPL1', 'Selasa'),
(7, '6813', 'Fathia Syafa Azzahra', 'P', '12TBS1', 'Selasa'),
(10, '6814', 'Ferdiansyah', 'L', '12PH1', 'Rabu'),
(12, '6816', 'Fitri Asiska', 'P', '12RPL1', 'Selasa'),
(8, '6817', 'Fitri Zahra Ikanov', 'P', '12TBS1', 'Selasa'),
(10, '6818', 'Fitriani Hasanah', 'P', '12TBS2', 'Selasa'),
(12, '6819', 'Galih Qisthi Aji', 'L', '12RPL2', 'Kamis'),
(11, '6820', 'Gandasari Al Bilqys', 'P', '12PH1', 'Senin'),
(11, '6821', 'Garin Qoyyum Amri', 'L', '12TBG2', 'Selasa'),
(13, '6822', 'Genandra Arrafhi', 'L', '12RPL2', 'Senin'),
(11, '6823', 'Granita Putri Azizah', 'P', '12TBS2', 'Selasa'),
(9, '6824', 'Hafizh Satya Wibowo', 'L', '12PH2', 'Kamis'),
(10, '6826', 'Hakimah Attamimi', 'P', '12TBG2', 'Jum\'at'),
(12, '6828', 'Hosea Hariyanto', 'L', '12PH1', 'Kamis'),
(9, '6829', 'Hulwah', 'P', '12TBS1', 'Selasa'),
(13, '6830', 'Ibnu Aji Pratama', 'L', '12RPL1', 'Kamis'),
(10, '6831', 'Ice Helawati', 'P', '12TBS1', 'Selasa'),
(15, '6832', 'Igo Mercusuargo', 'L', '11PH1', ''),
(11, '6833', 'Ika Marwah Maulani', 'P', '12TBS1', 'Selasa'),
(12, '6834', 'Iken Yuniar', 'P', '12TBS1', 'Selasa'),
(14, '6835', 'Ikhsan Abdillah', 'L', '12RPL1', 'Kamis'),
(15, '6836', 'Imanuel Simamora', 'L', '12RPL1', 'Jumat'),
(14, '6837', 'Imih Mintarsih', 'P', '12RPL2', 'Selasa'),
(13, '6838', 'Indriani Putri Asmoro', 'P', '12PH1', 'Rabu'),
(13, '6839', 'Indrianisa', 'P', '12TBG1', 'Rabu'),
(12, '6840', 'Inggil Elica Diva Maura', 'P', '12TBG2', 'Rabu'),
(14, '6841', 'Irma Rusmahardi', 'P', '12PH1', 'Kamis'),
(15, '6842', 'Irsyad Nayoan', 'L', '12RPL2', 'Rabu'),
(13, '6845', 'Iswah Azizah', 'P', '12TBS1', 'Rabu'),
(16, '6846', 'Ivan Gabriel', 'L', '12RPL1', 'Senin'),
(15, '6847', 'Ivana Legianesti Febriane', 'P', '12PH1', 'Jum\'at'),
(15, '6848', 'Izhar Ismail Dano Dasim', 'L', '11PH2', ''),
(16, '6850', 'Jasmine Kharimah Putri', 'P', '12PH1', 'Senin'),
(14, '6851', 'Jesyifa Prianka Juhanda', 'P', '12TBG1', 'Rabu'),
(17, '6852', 'Jhon Andre Jhosua Mangiring Nababan', 'L', '12PH1', 'Senin'),
(14, '6853', 'Jihan Apriliyani', 'P', '12TBS1', 'Rabu'),
(12, '6854', 'Judith Amalia', 'P', '12TBS2', 'Selasa'),
(15, '6855', 'Krisanty Indria Rahmayani', 'P', '12TBG1', 'Rabu'),
(13, '6856', 'Labay Maajid Arief Muhammad', 'L', '12TBG2', 'Jum\'at'),
(16, '6857', 'Liza Zadyla', 'P', '12TBG1', 'Rabu'),
(18, '6858', 'Lolita Putri Purbasari', 'P', '12PH1', 'Selasa'),
(10, '6859', 'Lora Arista Nadeak', 'P', '12PH2', 'Jum\'at'),
(14, '6860', 'Lulu Nur Izzatillah', 'P', '12TBG2', 'Selasa'),
(17, '6861', 'Lutfi Dwi Yuwono', 'L', '12TBG1', 'Rabu'),
(17, '6863', 'Malik Ilman Nafia', 'L', '12RPL1', 'Rabu'),
(13, '6864', 'Maradina Tiwi Nursahaya', 'P', '12TBS2', 'Rabu'),
(11, '6865', 'Maulida Rahma Dyani', 'P', '12PH2', 'Senin'),
(15, '6866', 'Mega Dwi Arsyi', 'P', '12TBS1', 'Rabu'),
(12, '6867', 'Miftahul Karim Ashari', 'L', '12PH2', 'Rabu'),
(19, '6868', 'Miftha Aulia Fajriani', 'P', '12PH1', 'Rabu'),
(15, '6869', 'Mochammad Ramdani', 'L', '12TBG2', 'Senin'),
(16, '6870', 'Mohamad Rizky Rezaldi', 'L', '12RPL2', 'Jumat'),
(20, '6872', 'Muhamad Aldi Widiyanto', 'L', '12PH1', 'Selasa'),
(18, '6873', 'Muhammad Abdur Rofi', 'L', '12RPL1', 'Jumat'),
(13, '6875', 'Muhammad Alfian Hakim', 'L', '12PH2', 'Selasa'),
(17, '6876', 'Muhammad Dwi Adji Muis', 'L', '12RPL2', 'Selasa'),
(19, '6877', 'Muhammad Fadhilah', 'L', '12RPL1', 'Senin'),
(18, '6878', 'Muhammad Fahmi Hidayat', 'L', '12RPL2', 'Rabu'),
(19, '6879', 'Muhammad Farhan Adib Naufal', 'L', '12RPL2', 'Jumat'),
(21, '6880', 'Muhammad Fariz Fairuza Hadi', 'L', '11PH2', ''),
(20, '6881', 'Muhammad Januar', 'L', '12RPL1', 'Jumat'),
(21, '6882', 'Muhammad Raihan Nabawy', 'L', '12RPL1', 'Senin'),
(14, '6883', 'Muhammad Reza Fahlevi', 'L', '12PH2', 'Senin'),
(20, '6884', 'Muhammad Sya\'ban Maulana', 'L', '12RPL2', 'Senin'),
(24, '6885', 'Muhammad Alif Khadafi', 'L', '11PH1', ''),
(14, '6886', 'Mutia Ajeng Safitri', 'P', '12TBS2', 'Rabu'),
(16, '6887', 'Nabila Sekar Larasati', 'P', '12TBG2', 'Senin'),
(15, '6888', 'Nabillah Putri Oktavia', 'P', '12PH2', 'Jum\'at'),
(17, '6889', 'Nadia Herdiyanti', 'P', '12TBG2', 'Senin'),
(18, '6890', 'Nadia Octaviani', 'P', '12TBG1', 'Rabu'),
(16, '6891', 'Nadiah Pusparini', 'P', '12PH2', 'Senin'),
(15, '6893', 'Neysa Salsa Billah', 'P', '12TBS2', 'Rabu'),
(16, '6894', 'Normalinda Nur Indah Meliani', 'P', '12TBS1', 'Rabu'),
(16, '6895', 'Novia Nurul Annisa', 'P', '12TBS2', 'Rabu'),
(17, '6896', 'Novianti Sisway', 'P', '12TBS1', 'Rabu'),
(18, '6897', 'Nur Fadiyah', 'P', '12TBG2', 'Jum\'at'),
(17, '6898', 'Nur Faiza', 'P', '12TBS2', 'Rabu'),
(17, '6899', 'Nur Fiqih Mary Panggayani', 'P', '12PH2', 'Kamis'),
(21, '6900', 'Nur Dalilah', 'P', '12PH1', 'Kamis'),
(22, '6901', 'Nurhabib Abdul Jalal', 'L', '12PH1', 'Jum\'at'),
(19, '6902', 'Nurul Kaunain Fitria', 'P', '12TBG1', 'Kamis'),
(18, '6903', 'Nurul Srikandini', 'P', '12TBS2', 'Rabu'),
(19, '6904', 'Nuzulul Inayah', 'P', '12TBS2', 'Kamis'),
(20, '6905', 'Owen Fernando', 'L', '12TBG1', 'Kamis'),
(22, '6906', 'Paksi Tamtomo Aji', 'L', '12RPL1', 'Kamis'),
(21, '6908', 'Prahar Dian Laksono', 'L', '12RPL2', 'Jumat'),
(18, '6909', 'Pinkan Rosdayanti', 'P', '12PH2', 'Jum\'at'),
(23, '6911', 'Prayugo Mardjono', 'L', '12RPL1', 'Kamis'),
(19, '6912', 'Puspita Anggraeni', 'P', '12TBG2', 'Kamis'),
(19, '6913', 'Putri Allyawati Ayuningtyas', 'P', '12PH2', 'Senin'),
(20, '6914', 'Putri Eka Pinangsih', 'P', '12TBS2', 'Kamis'),
(21, '6915', 'Putri Sendi Sabrina', 'P', '12TBS2', 'Kamis'),
(18, '6916', 'Qori Khodijah Faridl', 'P', '12TBS1', 'Rabu'),
(24, '6918', 'Rachma Adzima Maulida', 'P', '12RPL1', 'Rabu'),
(22, '6919', 'Rafli Aprizal', 'L', '12RPL2', 'Selasa'),
(20, '6920', 'Rahmi Fitriani', 'P', '12TBG2', 'Jum\'at'),
(25, '6921', 'Rahul Anwar', 'L', '12RPL1', 'Selasa'),
(22, '6922', 'Ranandia Salsabila', 'P', '12TBS2', 'Kamis'),
(21, '6923', 'Ranata Silvia', 'P', '12TBG1', 'Kamis'),
(21, '6924', 'Ratih Latifah', 'P', '12TBG2', 'Rabu'),
(19, '6925', 'Ratna Duhita', 'P', '12TBS1', 'Kamis'),
(23, '6926', 'Ratu Hurril Iyn', 'P', '12TBG1', 'Kamis'),
(20, '6927', 'Ravita Faris', 'P', '12TBS1', 'Kamis'),
(22, '6928', 'Rayya Dwi Puji Fajriany', 'P', '12TBG1', 'Kamis'),
(23, '6929', 'Regita Yuliana', 'P', '12TBG2', 'Selasa'),
(24, '6930', 'Rendra Dharma Wijaya', 'L', '12TBG2', 'Rabu'),
(20, '6931', 'Rendra Firjatuloh', 'L', '12PH2', 'Selasa'),
(23, '6932', 'Reni', 'L', '12RPL2', 'Jumat'),
(22, '6933', 'Rere Rizky Aryandi', 'L', '12TBG2', 'Rabu'),
(23, '6934', 'Resha Dwi Yulianti', 'P', '12TBS2', 'Kamis'),
(24, '6935', 'Ribka Mega Putri', 'P', '12TBG1', 'Kamis'),
(21, '6936', 'Rikhavierty Anggraini Darmawan', 'P', '12TBS1', 'Kamis'),
(23, '6937', 'Rio Ahmadi', 'L', '12PH1', 'Senin'),
(24, '6938', 'Riri Dwi Saputri', 'P', '12PH1', 'Kamis'),
(24, '6939', 'Rita Farida Sabatini', 'P', '12TBS2', 'Jum\'at'),
(24, '6940', 'Rizky Fadhillah', 'L', '12RPL2', 'Selasa'),
(26, '6941', 'Rizky Ramadhan', 'L', '12RPL1', 'Kamis'),
(25, '6942', 'Rizqi Ramadhan', 'L', '12RPL2', 'Kamis'),
(22, '6943', 'Roro Ambar Fitrianingsih', 'P', '12TBS1', 'Kamis'),
(23, '6944', 'Rosa Nurmala Sari', 'P', '12TBS1', 'Kamis'),
(25, '6945', 'Ruth Kezia Seren', 'P', '12TBG1', 'Jum\'at'),
(25, '6946', 'Ruth Septiana', 'P', '12TBS2', 'Jum\'at'),
(26, '6947', 'Salsabillah', 'P', '12TBG1', 'Jum\'at'),
(25, '6948', 'Salsabilla Haniyah', 'P', '12TBG2', 'Kamis'),
(26, '6949', 'Sandy Kusuma Wijaya', 'L', '12TBG2', 'Kamis'),
(22, '695', 'Setiyo Aji Utomo', 'L', '12PH2', 'Jum\'at'),
(26, '6950', 'Sarah Rachel Rhaditya', 'P', '12TBS2', 'Jum\'at'),
(27, '6951', 'Satrio Pambudhi Ashideanto', 'L', '12RPL1', 'Jumat'),
(24, '6952', 'Savira Aby Irtanti', 'P', '12TBS1', 'Kamis'),
(26, '6953', 'Sella Aprita Saneti', 'P', '12RPL2', 'Senin'),
(21, '6954', 'Sephia Nur Fikria', 'P', '12PH2', 'Selasa'),
(23, '6956', 'Shafa Salsabillah', 'P', '12PH2', 'Rabu'),
(25, '6957', 'Shafara Salsabila', 'P', '12TBS1', 'Jum\'at'),
(27, '6958', 'Shela Rahmawati', 'P', '12TBG2', 'Rabu'),
(27, '6959', 'Sherly Gabriela', 'P', '12TBS2', 'Jum\'at'),
(28, '6960', 'Shevira Gita Dewi', 'P', '12TBG1', 'Jum\'at'),
(28, '6961', 'Shinta Damayanti', 'P', '12RPL1', 'Rabu'),
(29, '6962', 'Sholahuddin Al Ayyubi', 'L', '12RPL1', 'Jumat'),
(27, '6963', 'Siti Maisyara Dilla Pratama', 'P', '12TBG1', 'Jum\'at'),
(28, '6964', 'Siti Nadhilah', 'P', '12TBS2', 'Jum\'at'),
(28, '6965', 'Siti Wahyuningsih', 'P', '12TBG2', 'Senin'),
(25, '6966', 'Siti Yunia Nur Fathonah', 'P', '12PH1', 'Jum\'at'),
(26, '6967', 'Sofwatunnisa', 'P', '12TBS1', 'Jum\'at'),
(29, '6968', 'Sulvia Aisyah Amimi', 'P', '12TBG2', 'Kamis'),
(30, '6969', 'Syahrul Sofyan Nurdiansyah', 'L', '12RPL1', 'Rabu'),
(25, '6970', 'Tarysa Aulia Rachma', 'P', '12PH2', 'Jum\'at'),
(24, '6971', 'Tasya Belinda Putri', 'P', '12PH2', 'Kamis'),
(29, '6972', 'Trie Anjar Prameshti', 'P', '12TBS2', 'Jum\'at'),
(27, '6973', 'Ulya Firdausi Husniyah', 'P', '12TBS1', 'Jum\'at'),
(28, '6974', 'Vierari Amalia Rizki', 'P', '12TBS1', 'Jum\'at'),
(26, '6975', 'Wahyu Ari Ramadhani', 'L', '12PH2', 'Kamis'),
(27, '6976', 'Wahyudi Lutfi', 'L', '12RPL2', 'Selasa'),
(30, '6977', 'Wardatum Toybah', 'P', '12TBG2', 'Selasa'),
(29, '6978', 'Warningsih', 'P', '12TBS1', 'Jum\'at'),
(26, '6979', 'Windi Anggraini', 'P', '12PH1', 'Selasa'),
(27, '6980', 'Windi Widiana', 'P', '12PH2', 'Rabu'),
(28, '6981', 'Yoga Bayu Samudra', 'L', '12RPL2', 'Kamis'),
(29, '6982', 'Yuni Rahayu', 'P', '12TBG1', 'Jum\'at'),
(29, '6983', 'Yusuf Eko Anggoro', 'L', '12RPL2', 'Rabu'),
(27, '6984', 'Zakaria Indra Hasiholan Purba', 'L', '12PH1', 'Jum\'at'),
(6, '6985', 'Andreas Maruli H.', 'L', '12RPL1', 'Selasa'),
(1, '6986', 'Adellya Putri Maharani', 'P', '11TBG3', ''),
(1, '6987', 'Adhisty Zahrahni Adrianto', 'P', '11TBG2', 'Rabu'),
(4, '6988', 'Adinda Putri Egi Salsabillah', 'P', '11TBG1', ''),
(2, '6989', 'Adinda Yulia Rahmawati', 'P', '11TBG2', 'Selasa'),
(3, '6990', 'Afifah Ainiyyah', 'P', '11TBG2', 'Rabu'),
(1, '6991', 'Afyra Ar\'bah Lailany', 'P', '11PH1', ''),
(4, '6992', 'Agil Sepviananda Azizah', 'P', '11TBG2', 'Rabu'),
(2, '6993', 'Agung Galih Witjaksono', 'L', '11TBG3', ''),
(1, '6994', 'Aisyah Dzakiyah Amalia', 'P', '11TBS2', 'Senin'),
(1, '6995', 'Akbar Umarruari', 'L', '11PH2', ''),
(1, '6996', 'Alandra Nazahah', 'L', '11RPL2', ''),
(5, '6997', 'Alfina Nur Firdaus', 'P', '11TBG2', 'Rabu'),
(1, '6998', 'Alfina Septianing', 'P', '11TBS1', 'Senin'),
(3, '6999', 'Alif Ammar Baihaqi', 'L', '11TBG3', ''),
(2, '7000', 'Alifah Azzahra', 'P', '11TBS1', 'Senin'),
(1, '7001', 'Almujidan', 'L', '11TBG1', ''),
(2, '7002', 'Alvian Dwi Handika', 'L', '11PH2', ''),
(2, '7003', 'Alvin Bintang Adyaksa', 'L', '11RPL2', ''),
(2, '7005', 'Amalia Marviansyah', 'P', '11TBG1', ''),
(2, '7006', 'Amanda Anindika Febrianti', 'P', '11PH1', ''),
(3, '7007', 'Amanda Putri Wibowo', 'P', '11TBG1', ''),
(3, '7008', 'Amelia Nurul Haq', 'P', '11PH2', ''),
(1, '7009', 'Andreas Enggar Dewanto', 'L', '11UPW1', ''),
(2, '7010', 'Andriyanto', 'L', '11UPW1', ''),
(6, '7012', 'Anggito Abimanyu', 'L', '11TBG2', 'Selasa'),
(4, '7013', 'Anggriani Iskandar Putri ', 'P', '11TBG3', ''),
(4, '7014', 'Anisa Nuryanti', 'P', '11PH2', ''),
(3, '7015', 'Anisa Septariani', 'P', '11PH1', ''),
(2, '7016', 'Annisa Azzahra', 'P', '11TBS3', 'Senin'),
(1, '7017', 'Anisya Harum Dwi Saputri', 'P', '11TBS3', 'Senin'),
(2, '7018', 'Anjani Putri Ashari', 'P', '11TBS2', 'Selasa'),
(3, '7019', 'Annisa Mubarokah', 'P', '11TBS2', 'Rabu'),
(3, '7020', 'Annisa Nuraeni', 'P', '11TBS3', 'Senin'),
(4, '7021', 'Annisa Pratama', 'P', '11TBS2', 'Kamis'),
(1, '7022', 'Annisa Uswatun Hasanah', 'P', '11RPL1', 'Rabu'),
(3, '7023', 'Annisya Larasati Ningrum', 'P', '11TBS1', 'Senin'),
(1, '7024', 'Antika Adela', 'P', '11PH3', ''),
(2, '7025', 'Aprilia Sri', 'P', '11PH3', ''),
(4, '7026', 'Aprilyani Rasidy', 'P', '11PH1', ''),
(3, '7027', 'Ardy Permana Putra', 'L', '11RPL2', ''),
(4, '7029', 'Arini Nurfadilah', 'P', '11TBS1', 'Senin'),
(2, '7030', 'Ariq Humam Fadilah', 'L', '11RPL1', 'Kamis'),
(4, '7031', 'Arum Fitria', 'P', '11TBS3', 'Senin'),
(5, '7032', 'Astrid Ananda', 'P', '11TBG3', ''),
(5, '7033', 'Aurelia Marcelina', 'P', '11PH1', ''),
(7, '7034', 'Avida Nurzara', 'P', '11TBG2', 'Kamis'),
(3, '7035', 'Awaludin Taufiq Nurrohman', 'L', '11RPL1', 'Rabu'),
(6, '7036', 'Azzahra Nabilla', 'P', '12TBG1', 'Senin'),
(5, '7037', 'Azzahra Nasya Ananda', 'P', '11TBS2', 'Jum\'at'),
(8, '7038', 'Bagas Ilhamsyah', 'L', '11TBG2', 'Kamis'),
(4, '7039', 'Bayu Prawira Yudha', 'L', '11RPL2', ''),
(4, '7040', 'Bayu Samodera', 'L', '11RPL1', 'Selasa'),
(3, '7041', 'Bima Aji Saputra', 'L', '11PH3', ''),
(5, '7043', 'Bobby Hindratno Pratomo', 'L', '11RPL2', ''),
(3, '7044', 'Bulan Pebi Utami', 'P', '11UPW1', ''),
(4, '7045', 'Bunga Aira Nandhitia', 'P', '11UPW1', ''),
(9, '7046', 'Bunga Cantika', 'P', '11TBG2', 'Selasa'),
(6, '7047', 'Bunga Delia Anggaraeni', 'P', '11TBS2', 'Senin'),
(5, '7048', 'Burhan Nudin', 'L', '11TBG1', ''),
(7, '7049', 'Cantika Fitrianisa', 'P', '11TBS2', 'Senin'),
(6, '7050', 'Carisa Vilia', 'P', '11TBG1', ''),
(6, '7051', 'Caroline Elva Cahniati', 'P', '11PH1', ''),
(5, '7052', 'Christover Deon', 'L', '11RPL1', 'Senin'),
(5, '7053', 'Cindy Putri Patisari', 'P', '11TBS3', 'Senin'),
(6, '7054', 'Ciquita Medi', 'L', '11TBG3', ''),
(5, '7055', 'Citra Pricylia Ananda Mulya', 'P', '11UPW1', ''),
(7, '7056', 'Clara Dewi Yusufi', 'P', '11TBG1', ''),
(5, '7057', 'Christine Yuniarta', 'P', '11TBS1', 'Senin'),
(10, '7058', 'Dania Safira', 'P', '11TBG2', 'Senin'),
(6, '7059', 'Danti Prihatini', 'P', '11TBS3', 'Senin'),
(8, '7060', 'Davinsa Rizqi Alvatonny', 'L', '11TBG1', ''),
(7, '7061', 'Dea Apriliya', 'P', '11PH1', ''),
(8, '7062', 'Dea Veramita', 'P', '11TBS2', 'Selasa'),
(4, '7063', 'Dejan Fadilahsyah', 'L', '11PH3', ''),
(9, '7064', 'Della Amelia', 'P', '11TBS2', 'Rabu'),
(6, '7065', 'Dennis Fathurahman', 'L', '11RPL1', 'Jum\'at'),
(9, '7067', 'Devi Rahmadini', 'P', '11TBG1', ''),
(5, '7068', 'Dewi Farida', 'P', '11PH3', ''),
(6, '7069', 'Dhea Puspitasari', 'P', '11TBS1', 'Senin'),
(7, '7070', 'Diah Ayu Larasati', 'P', '11TBS3', 'Senin'),
(8, '7071', 'Diah Swastika', 'P', '11TBS3', 'Selasa'),
(7, '7072', 'Dian Noor Syamsiyah', 'P', '11TBS1', 'Senin'),
(7, '7073', 'Diana Yus Hajita', 'P', '11TBG3', ''),
(7, '7074', 'Dicky Al Fahzri', 'L', '10PH3', ''),
(12, '7075', 'Dikky Ridho Saputro', 'L', '11TBG2', 'Kamis'),
(7, '7076', 'Dimas Triyana', 'L', '11RPL1', 'Kamis'),
(6, '7077', 'Dinda Septia Fachrani', 'P', '11RPL2', ''),
(5, '7078', 'Dionisia Ursula Veso', 'P', '11PH2', ''),
(8, '7079', 'Dita Rizky Ramadina', 'P', '11TBG3', ''),
(6, '7080', 'Dita Setiani', 'P', '11PH2', ''),
(6, '7081', 'Diva Putri Nabila', 'P', '11UPW1', ''),
(7, '7082', 'Dolven Putri Intan Sari Junaedi', 'P', '11UPW1', ''),
(10, '7084', 'Dwi Retno Hutami', 'P', '11TBS2', 'Kamis'),
(6, '7085', 'Dzikra Putri Hidayah Siregar', 'P', '11PH3', ''),
(13, '7086', 'Dzikry Hisyam Noor', 'L', '11TBG2', 'Selasa'),
(8, '7087', 'Eka Elisa Putri', 'P', '11PH2', ''),
(8, '7088', 'Eko Wahyudi', 'L', '11RPL1', 'Rabu'),
(9, '7089', 'Elia Frederick Ayal', 'P', '11TBG3', ''),
(9, '7090', 'Eliam Lola Mitasari', 'P', '11PH2', ''),
(10, '7091', 'Elis Ermawati', 'P', '11TBG1', ''),
(10, '7092', 'Elisabet Helenita', 'P', '11TBG3', ''),
(11, '7093', 'Elisiyah Rahmah', 'P', '11TBG3', ''),
(9, '7094', 'Eliza Raema Julia', 'P', '11RPL1', 'Kamis'),
(14, '7095', 'Elsa Arshanda', 'L', '11TBG2', 'Kamis'),
(10, '7096', 'Erik Fadillah', 'L', '11PH2', ''),
(8, '7097', 'Erika Enjeli Nur Bhaiti', 'P', '11PH1', ''),
(9, '7098', 'Erlina Rahma Wati', 'P', '11PH1', ''),
(10, '7099', 'Erzam Julifa Visandi', 'L', '11RPL1', 'Selass'),
(9, '7100', 'Esti Yulaihah', 'P', '11TBS3', 'Selasa'),
(11, '7101', 'Evry Giovani', 'L', '11PH2', ''),
(7, '7102', 'Fadida Zanetti Junaedy', 'P', '11RPL2', ''),
(11, '7104', 'Fadli Fadlorrohman', 'L', '11RPL1', 'Senin'),
(11, '7105', 'Fahira Nisa', 'P', '11TBS2', 'Jum\'at'),
(15, '7106', 'Fahrozi Fritama Putra', 'L', '11TBG2', 'Jum\'at'),
(10, '7107', 'Faiz Athaullah', 'L', '11PH1', ''),
(8, '7108', 'Falah As Shidqi', 'L', '11RPL2', ''),
(11, '7109', 'Faraditha Kuntara Dewi', 'P', '11TBG1', ''),
(11, '7110', 'Fara Aulia Zahira', 'P', '10TBS1', ''),
(8, '7111', 'Fathia Noor Kamilah', 'P', '11UPW1', ''),
(12, '7112', 'Fatya Oksania', 'P', '11TBG3', ''),
(10, '7114', 'Faza Amalia', 'P', '11TBS3', 'Selasa'),
(12, '7115', 'Febriana Cahyaningrum', 'P', '11TBS2', 'Selasa'),
(16, '7116', 'Febrina Permata Sari Regardo', 'P', '11TBG2', 'Rabu'),
(11, '7117', 'Febriyanti Ratu Ajeng Arsetya', 'P', '11TBS3', 'Selasa'),
(12, '7118', 'Ferdinan Nugraha Silaen', 'L', '11PH2', ''),
(12, '7119', 'Fiiryal Az Zahra', 'P', '11PH1', ''),
(13, '7120', 'Firda Zahra Indirawati', 'P', '11PH1', ''),
(12, '7121', 'Fitridasti Ning Tiyas', 'P', '11TBS3', 'Selasa'),
(7, '7122', 'Fitriyah Rahmawati', 'P', '11PH3', ''),
(12, '7124', 'Gading Rianto Alamsyah', 'L', '11RPL1', 'Jum\'at'),
(9, '7125', 'Gianta Dwi Arya Nugraha', 'L', '11RPL2', ''),
(9, '7126', 'Gladys Thalia Ricci', 'P', '11UPW1', ''),
(8, '7127', 'Hanifah Utami Mufidayanti', 'P', '11TBS1', 'Selasa'),
(8, '7129', 'Hayfa Aliffira Sutiyoso', 'P', '11PH3', ''),
(14, '7130', 'Heca Fitria Daniaty', 'P', '11PH1', ''),
(13, '7131', 'Helin Risma Elvariani', 'P', '11TBS2', 'Senin'),
(17, '7132', 'Helmi Fahri', 'L', '11TBG2', 'Senin'),
(13, '7133', 'Henryco Paul Johanes', 'L', '11PH2', ''),
(9, '7134', 'Herlina', 'P', '11TBS1', 'Selasa'),
(10, '7135', 'Iim Muhaemin Abdul Azis', 'L', '11RPL2', ''),
(13, '7136', 'Iin Nuraeni', 'P', '11TBS3', 'Selasa'),
(20, '7137', 'Ilhan Sukma Manziz', 'L', '10PH2', 'Jum\'at'),
(9, '7138', 'Ilmi Aisyah Ramadhani', 'P', '11PH3', ''),
(13, '7140', 'Indah Aprilia Amanda', 'P', '11TBG3', ''),
(14, '7141', 'Indah Febrianti', 'P', '11PH2', ''),
(14, '7142', 'Indah Putri Kusuma', 'P', '11TBS2', 'Selasa'),
(12, '7143', 'Indah Rajabiah', 'P', '11TBG1', ''),
(10, '7144', 'Indri Nurmasari', 'P', '11PH3', ''),
(18, '7145', 'Ines Syifa Kusumawati', 'P', '11TBG2', 'Kamis'),
(13, '7146', 'Intan Aidha Putri ', 'P', '11TBG1', ''),
(10, '7147', 'Irene Klesia', 'P', '11TBS1', 'Selasa'),
(11, '7148', 'Irma Fitriana', 'P', '11TBS1', 'Selasa'),
(14, '7149', 'Irmawati', 'P', '11TBG1', ''),
(13, '7150', 'Irnanda Rizka Fadhillah', 'L', '11RPL1', 'Kamis'),
(16, '7151', 'Ismail Fanil', 'L', '11PH1', ''),
(15, '7153', 'Jasmine Kania Padmarani', 'P', '11TBS2', 'Rabu'),
(11, '7154', 'Jihan Yasmin Sy', 'P', '11PH3', ''),
(14, '7155', 'Jihan Zakyyah', 'P', '11TBG3', ''),
(14, '7156', 'Juanysa Wahyu Trisfardha', 'L', '11RPL1', 'Selasa'),
(14, '7157', 'Jubaidah', 'P', '11TBS3', 'Selasa'),
(15, '7159', 'Kania Dwi Putri', 'P', '11TBS3', 'Rabu'),
(16, '7160', 'Karina Handayani', 'P', '11TBG3', ''),
(10, '7161', 'Karina Putri Nabila', 'P', '11UPW1', ''),
(12, '7162', 'Karlina Rizqi Lestari', 'P', '11TBS1', 'Selasa'),
(11, '7163', 'Karlita Nur Aisyah', 'P', '11UPW1', ''),
(15, '7164', 'Kayla Shafa Alamtaqwa', 'P', '11TBG1', ''),
(15, '7165', 'Kevin Naufal Zacky', 'L', '11RPL1', 'Rabu'),
(16, '7166', 'Kezia Helen Sthevani Sagala', 'P', '11PH2', ''),
(13, '7167', 'Kezia Redicha Dwi indah Putri', 'P', '11TBS1', 'Selasa'),
(12, '7168', 'Khaeriyah', 'P', '11UPW1', ''),
(15, '7169', 'Khalisa Sarah An-Najmi', 'P', '11TBG3', ''),
(16, '7170', 'Khoirunnisa Wijaya', 'P', '11TBG1', ''),
(17, '7171', 'Khrismonica Widayanto Putri', 'P', '11PH1', ''),
(16, '7172', 'Khusnul Khotimah', 'P', '11RPL1', 'Selasa'),
(14, '7173', 'Lasmiyanti', 'P', '11TBS1', 'Rabu'),
(16, '7174', 'Leni Tirta Pratiwi', 'P', '11TBS2', 'Kamis'),
(12, '7175', 'Lintang Alviandini', 'P', '11PH3', ''),
(17, '7176', 'Lintang Ayu Fatimah', 'P', '11TBG3', ''),
(16, '7177', 'Lita Sugianti', 'P', '11TBS3', 'Rabu'),
(17, '7178', 'Lourencia Zefanya', 'P', '11PH2', ''),
(17, '7179', 'Lu\'luk Endah Tri Farikha', 'P', '11TBS2', 'Jum\'at'),
(15, '7180', 'Lusiana Maria', 'P', '11TBS1', 'Rabu'),
(18, '7181', 'Mahendra Kusuma', 'L', '11PH1', ''),
(18, '7182', 'Margareta Eliviana Rona', 'P', '11PH2', ''),
(16, '7183', 'Maria Teresia Purnama', 'P', '11TBS1', 'Selasa'),
(13, '7184', 'Maria Theresia Waleng Emar', 'P', '11UPW1', ''),
(19, '7185', 'Marshella Artha Dewani', 'P', '11PH1', ''),
(18, '7186', 'Marsya Dela Artanti', 'P', '11TBS2', 'Rabu'),
(19, '7187', 'Marsyila Kharisma', 'P', '11TBG2', 'Jum\'at'),
(17, '7188', 'Martha Leony Turnip', 'P', '11TBS1', 'Rabu'),
(14, '7189', 'Maudi Putri Syalmanda', 'P', '11UPW1', ''),
(11, '7190', 'Maulana Gani Fasha', 'L', '11RPL2', ''),
(13, '7191', 'Maulana Hafizh', 'L', '11PH3', ''),
(19, '7192', 'Maulana Syaiful Anwar', 'L', '11PH2', ''),
(17, '7193', 'Maya Maulinda', 'P', '11RPL1', 'Kamis'),
(15, '7194', 'Maya Nur Isna', 'P', '11UPW1', ''),
(17, '7195', 'Maylisa Putri Widya', 'P', '11TBS3', 'Rabu'),
(20, '7196', 'Meidy Eliana', 'P', '11PH1', ''),
(18, '7197', 'Mita Agustin', 'P', '11TBS1', 'Rabu'),
(18, '7198', 'Mitha Dwi Fadila', 'P', '11TBS3', 'Rabu'),
(21, '7199', 'Mohamad Dzidane Pandawa', 'L', '11PH1', ''),
(20, '7200', 'Monita Mustamu', 'P', '11PH2', ''),
(12, '7203', 'Muhamad Fajar Yusuf', 'L', '11RPL2', ''),
(22, '7204', 'Muhamad Fareji', 'L', '11PH1', ''),
(13, '7205', 'Muhamad Fikri Surya Adita', 'L', '11RPL2', ''),
(14, '7206', 'Muhamad Satria Rizdiansyah', 'L', '11RPL2', ''),
(17, '7208', 'Mohammad Akhbar Ramadhan', 'L', '11UPW1', ''),
(16, '7209', 'Mohamad Zuhair Firdaus', 'L', '11UPW1', ''),
(14, '7210', 'Muhammad Ashtaf Faathir', 'L', '11PH3', ''),
(18, '7211', 'Muhammad Bima Aditya Prabowo', 'L', '11RPL1', 'Selasa'),
(15, '7212', 'Muhammad Cahya Prima Bastanta Sitepu', 'L', '11RPL2', ''),
(23, '7214', 'Muhammad Faris Abdusami', 'L', '11PH1', ''),
(19, '7215', 'Muhammad Fikry', 'L', '11RPL1', 'Senin'),
(22, '7216', 'Muhammad Helmi Ramadhan', 'L', '11PH2', ''),
(23, '7217', 'Muhammad Irham Syah', 'L', '11PH2', ''),
(20, '7218', 'Muhammad Raihan', 'L', '11RPL1', 'Jum\'at'),
(18, '7219', 'Muhammad Rendy Pratama', 'L', '11TBG3', ''),
(15, '7222', 'Muhammad Rizky Julianto', 'L', '11PH3', ''),
(19, '7223', 'Murdiani Ramadhani', 'P', '11TBS2', 'Senin'),
(16, '7224', 'Musyarofah', 'P', '11RPL2', ''),
(20, '7225', 'Muthia Aulia Shafiyyah', 'P', '11TBG2', 'Selasa'),
(25, '7226', 'Mutiara', 'P', '11PH1', ''),
(18, '7227', 'Nabila', 'P', '11UPW1', ''),
(18, '7228', 'Nabila Alya Syaninta', 'P', '11TBG1', ''),
(24, '7229', 'Nabila Caprilia', 'P', '11PH2', ''),
(19, '7230', 'Nabila Syahrani', 'P', '11TBS3', 'Rabu'),
(19, '7231', 'Nabila Zahra Hirmawan', 'P', '11UPW1', ''),
(19, '7232', 'Nabilla Muchti Tehuayo', 'P', '11TBS1', 'Rabu'),
(20, '7233', 'Nadia Amalia Salsabila', 'P', '11UPW1', ''),
(23, '7234', 'Nadila Arisanti', 'P', '11TBG2', 'Kamis'),
(19, '7236', 'Nadya Azzahra Putri', 'P', '11TBG1', ''),
(26, '7237', 'Nail Aldiaz', 'L', '11PH1', ''),
(21, '7238', 'Naldo Kevin', 'L', '11UPW1', ''),
(16, '7239', 'Nanda Ajeng Sekar Ayu', 'P', '11PH3', ''),
(27, '7240', 'Nanda Putri', 'P', '11PH1', ''),
(25, '7241', 'Naomi Alissa', 'P', '11PH2', ''),
(21, '7242', 'Naufal Rifqi Fairuzamily', 'L', '11TBG2', 'Jum\'at'),
(17, '7243', 'Nazla Regina Santoso', 'P', '11PH3', ''),
(25, '7244', 'Neesha Aurelia', 'P', '11TBG2', 'Selasa'),
(22, '7245', 'Nia Novianti', 'P', '11UPW1', ''),
(22, '7246', 'Nina Audina', 'P', '11TBG2', 'Senin'),
(18, '7248', 'Novia', 'P', '11PH3', ''),
(19, '7249', 'Novia Shabana Lestari', 'P', '11PH3', ''),
(20, '7250', 'Novia Suciyanti', 'P', '11TBG1', ''),
(21, '7251', 'Noviana Nur Arifah', 'P', '11TBG1', ''),
(19, '7252', 'Novilia', 'P', '11TBG3', ''),
(20, '7253', 'Novita Rizki', 'P', '11TBS2', 'Selasa'),
(22, '7254', 'Novitasari', 'P', '11TBG1', ''),
(20, '7255', 'Nur Annisa', 'P', '11PH3', ''),
(21, '7256', 'Nur Aviza Piscellya Riyandini', 'P', '11PH3', ''),
(20, '7257', 'Nur Azizah', 'P', '11TBS1', 'Rabu'),
(26, '7258', 'Nur Fathonah Zahra', 'P', '11PH2', ''),
(20, '7259', 'Nur Hafifah', 'P', '11TBS3', 'Rabu'),
(28, '7260', 'Nur Hamidah', 'P', '11PH1', ''),
(23, '7262', 'Nur Rizqi Ramadhony', 'L', '11TBG1', ''),
(21, '7264', 'Nurhasanah', 'P', '11TBS1', 'Rabu'),
(22, '7265', 'Nuri Hudawan', 'P', '11PH3', ''),
(24, '7266', 'Nurul Rahmah Savitri', 'P', '11TBG2', 'Kamis'),
(23, '7267', 'Nurul Tiara Amanda', 'P', '11UPW1', ''),
(21, '7268', 'Oktaviana Putri', 'P', '11TBS3', 'Rabu'),
(21, '7269', 'Oswald Christian', 'L', '11RPL1', 'Kamis'),
(20, '7270', 'Prayoga Aji Pangestu', 'L', '11TBG3', ''),
(24, '7271', 'Prisa Oktaviana Priatna Putri', 'P', '11TBG1', ''),
(21, '7272', 'Puang Nurul Askarani', 'P', '11TBS2', 'Rabu'),
(22, '7273', 'Puji Salsabila Sarah', 'P', '11TBS2', 'Kamis'),
(26, '7274', 'Puspa Legi Widiyastuti', 'P', '11TBG2', 'Jum\'at'),
(23, '7275', 'Putri Aulia Ramaddini', 'P', '11PH3', ''),
(24, '7276', 'Putri Ayu Sisilia Augustin', 'P', '11UPW1', ''),
(25, '7277', 'Putri Sagita', 'P', '11UPW1', ''),
(17, '7278', 'Putri Septiyani', 'P', '11RPL2', ''),
(27, '7279', 'Qintan Virlee Rayana', 'P', '11TBG2', 'Selasa'),
(26, '7280', 'Qonita Fayza Yusuf', 'P', '11UPW1', ''),
(27, '7281', 'Rachel Kristina Sitohang', 'P', '11UPW1', ''),
(18, '7282', 'Rachmat Hidayat Insani', 'L', '11RPL2', ''),
(29, '7284', 'Rafly Hartoyo', 'L', '11PH1', ''),
(25, '7285', 'Rahma Wati', 'P', '11TBG1', ''),
(23, '7286', 'Rahmawati Dewi', 'P', '11TBS2', 'Jum\'at'),
(22, '7287', 'Rahmawati Mawadah', 'P', '11TBS3', 'Kamis'),
(19, '7288', 'Raihan Firmani Nasution', 'L', '11RPL2', ''),
(28, '7289', 'Raka Alvian', 'L', '11UPW1', ''),
(20, '7290', 'Rama Saputra', 'L', '11RPL2', ''),
(21, '7291', 'Ranti Sukma Pratiwi', 'P', '11TBG3', ''),
(28, '7292', 'Ratri Pramudita', 'P', '11TBG2', 'Rabu'),
(22, '7293', 'Reni Setiawati', 'P', '11TBG3', ''),
(30, '7294', 'Rere Sabrina Sinaed', 'P', '11TBG2', 'Jum\'at'),
(21, '7295', 'Revana Evilia Tandon', 'P', '11RPL2', ''),
(30, '7296', 'Revin Fahreza', 'L', '11PH1', ''),
(22, '7297', 'Reynaldi Septtian Dwiyanto', 'L', '11RPL2', ''),
(23, '7299', 'Ridho Bayu Prihatmoko', 'L', '11RPL2', ''),
(22, '7300', 'Ridho Bhakti Wicaksono', 'L', '11RPL1', 'Selasa'),
(29, '7301', 'Rifa\'i Indra Waldhan', 'L', '11TBG2', 'Rabu'),
(23, '7302', 'Rifdah Rofifah Marco Putri', 'P', '11TBG3', ''),
(23, '7303', 'Rifka Alvionita', 'P', '11TBS3', 'Kamis'),
(24, '7304', 'Rifqi Irfandi Caesario', 'L', '11RPL2', ''),
(22, '7305', 'Rika Amelia', 'P', '11TBS1', 'Kamis'),
(24, '7306', 'Rima Putri', 'P', '11TBG3', ''),
(24, '7307', 'Rindy Antika', 'P', '11TBS3', 'Kamis'),
(23, '7308', 'Risma Adistiani', 'P', '11TBS1', 'Kamis'),
(24, '7309', 'Risma Maharani', 'P', '11TBS2', 'Kamis'),
(24, '7310', 'Risvi Novia Putri', 'P', '11PH3', ''),
(25, '7311', 'Rizka Nur Cahyani', 'P', '11TBG3', ''),
(27, '7312', 'Rizki Akbar Ramadhan', 'L', '11PH2', ''),
(25, '7313', 'Rizki Fathi Ramadhan', 'L', '11RPL2', ''),
(26, '7314', 'Rizky Pratama Putri Setoadi', 'P', '11RPL2', ''),
(28, '7315', 'Rohmat Alwi Chaeruddin', 'L', '11PH2', ''),
(23, '7316', 'Ronggo Fattah Abdullah', 'L', '11RPL1', 'Jum\'at'),
(29, '7317', 'Rully Job Rafael', 'L', '11PH2', ''),
(26, '7318', 'Ruth Apriyanti', 'P', '11TBG3', ''),
(30, '7319', 'Ruth Cahyani Putri Nainggolan', 'P', '11PH2', ''),
(24, '7320', 'Ryfan Maulana Putra Hertaryawan', 'L', '11RPL1', 'Senin'),
(25, '7321', 'S. Indah Wasmawati', 'P', '11TBS3', 'Kamis'),
(27, '7322', 'Saadillah Fauzan', 'L', '11RPL2', ''),
(31, '7323', 'Safitri Setyaningrum', 'P', '11TBG2', 'Senin'),
(29, '7324', 'Sal Sabil Sa\'diyah', 'P', '11UPW1', ''),
(25, '7325', 'Salsa Adelia Putri', 'P', '11PH3', ''),
(24, '7326', 'Santi Puspitasari', 'P', '11TBS1', 'Kamis'),
(31, '7327', 'Saskia Mulya Aguatina', 'P', '11PH1', ''),
(26, '7328', 'Satria Ridho Aji', 'L', '11PH3', ''),
(28, '7329', 'Sekar Ayu Gunardi', 'P', '11TBG3', ''),
(27, '7330', 'Sekar Kusuma Andani', 'P', '11PH3', ''),
(26, '7331', 'Selvia Oktaviani', 'P', '11TBS3', 'Kamis'),
(32, '7332', 'Septi', 'P', '11TBG2', 'Senin'),
(25, '7333', 'Septi Deviani', 'P', '11TBS1', 'Kamis'),
(32, '7334', 'Septia Rizky Amalia', 'P', '11PH1', ''),
(26, '7335', 'Septianingsih Ayu Pramesti', 'P', '11TBG1', ''),
(26, '7336', 'Shabrinna Marchelina Roito', 'P', '11TBS1', 'Kamis'),
(25, '7338', 'Shafira Nur Fajriyah', 'P', '11TBS2', 'Senin'),
(26, '7339', 'Shala Mitha Namira', 'P', '11TBS2', 'Selasa'),
(28, '7340', 'Sheila Isfara Saliha', 'P', '11PH3', ''),
(27, '7342', 'Shiva Choirunnissa', 'P', '11TBS1', 'Kamis'),
(28, '7343', 'Shofiera Devinta Hanjani', 'P', '11TBS1', 'Kamis'),
(29, '7344', 'Silvia Ningrum', 'P', '11PH3', ''),
(27, '7345', 'Sindi Damayanti', 'P', '11TBG1', ''),
(29, '7346', 'Sinta Puspitasari', 'P', '11TBS1', 'Jum\'at'),
(27, '7347', 'Siti Fatimah Rochmah', 'P', '11TBS2', 'Rabu'),
(30, '7348', 'Siti Levina Putri ', 'P', '11UPW1', ''),
(30, '7349', 'Siti Nadia Styaningsih', 'P', '11PH3', ''),
(28, '7350', 'Siti Rahmawati', 'P', '11TBS2', 'Kamis'),
(27, '7351', 'Sri Kusumawati', 'P', '11TBS3', 'Kamis'),
(31, '7352', 'Stella Stephanie Rainatha', 'P', '11PH2', ''),
(25, '7353', 'Steven Julian', 'L', '11RPL1', 'Rabu'),
(33, '7354', 'Suci Nur Komariah', 'P', '11TBG2', 'Jum\'at'),
(33, '7355', 'Suci Rachmawati', 'P', '11PH1', ''),
(26, '7356', 'Sumartono', 'L', '11RPL1', 'Jum\'at'),
(28, '7357', 'Susanti Laos Marito', 'P', '11TBG1', ''),
(27, '7358', 'Syafina Shafa Dianty', 'P', '11RPL1', 'Rabu'),
(28, '7359', 'Syafiq Muhammad', 'L', '11RPL1', 'Senin'),
(31, '7360', 'Syahwa Rahmatika', 'P', '11PH3', ''),
(28, '7361', 'Syifa', 'P', '11TBS3', 'Jum\'at'),
(30, '7362', 'Tanisha Aprilia Amansyah Kusno', 'P', '11TBS1', 'Jum\'at'),
(28, '7363', 'Tiara Aulia Akbar', 'P', '11RPL2', ''),
(29, '7364', 'Tiara Melisa', 'P', '11TBG3', ''),
(29, '7365', 'Tiara Vika Maharani', 'P', '11TBS3', 'Jum\'at'),
(30, '7366', 'Tina Karlina Hermawan', 'P', '11TBG3', ''),
(31, '7367', 'Tisa Aditya', 'P', '11TBG3', ''),
(32, '7368', 'Titis Nadila Prameswari', 'P', '11TBG3', ''),
(30, '7369', 'Tri Hastuti', 'P', '11TBG1', ''),
(29, '7370', 'Trianah', 'P', '11TBG1', ''),
(30, '7371', 'Triasmoro Larasistris', 'P', '11TBS3', 'Jum\'at'),
(29, '7372', 'Trisha Hana Maulidya', 'P', '11TBS2', 'Jum\'at'),
(34, '7373', 'Trisna Sukainah', 'P', '11TBG2', 'Senin'),
(30, '7374', 'Ulfah Humairah', 'P', '11TBS2', 'Jum\'at'),
(32, '7375', 'Vania Aulia Putriaji', 'P', '11PH3', ''),
(31, '7376', 'Vania Kayla Azalia', 'P', '11TBG1', ''),
(31, '7377', 'Vania Zahra', 'P', '11UPW1', ''),
(32, '7378', 'Vanya Rajwadevy', 'P', '11PH2', ''),
(31, '7379', 'Veries Riyanti', 'P', '11TBS1', 'Jum\'at'),
(34, '7380', 'Violina Faeza', 'P', '11PH1', ''),
(32, '7381', 'Virni Hendri Yani', 'P', '11TBS1', 'Jum\'at'),
(33, '7382', 'Vony Yuliani', 'P', '11PH3', ''),
(29, '7383', 'Wafiyah Tsabitah', 'P', '11RPL2', ''),
(32, '7384', 'Wahyu Wasi Ul Hikam', 'L', '11TBG1', ''),
(34, '7385', 'Wahyu Wibisono', 'L', '11PH3', ''),
(31, '7386', 'Wanda Syafira', 'P', '11TBS3', 'Jum\'at'),
(33, '7387', 'Wardah Dewi Salsabilla Hariawansari', 'P', '11TBG1', ''),
(35, '7388', 'Wibi Kharis Dinul Hidayat', 'L', '10PH1', 'Kamis'),
(33, '7389', 'Widya Syachrani Putri', 'P', '11PH2', ''),
(35, '7390', 'Widyaastuti', 'P', '11PH1', ''),
(32, '7391', 'Wiko Anggoro', 'L', '11TBS3', 'Jum\'at'),
(34, '7392', 'Wina Veby Triana', 'P', '11PH2', ''),
(33, '7393', 'Yollanda Fujiamulia', 'P', '11TBS1', 'Jum\'at'),
(33, '7394', 'Yudha Okta Vianto', 'L', '11TBS3', 'Kamis'),
(32, '7395', 'Yuki Amanda', 'P', '11UPW1', ''),
(33, '7396', 'Yulia Ester', 'P', '11TBG3', ''),
(31, '7397', 'Yuliana', 'P', '11TBS2', 'Senin'),
(34, '7398', 'Yuliani', 'P', '11TBG1', ''),
(33, '7399', 'Yuliesa Lestari', 'P', '11UPW1', ''),
(35, '7400', 'Yuni Alfitri Bellen', 'P', '11PH3', ''),
(36, '7402', 'Yunita Sari', 'P', '11PH1', ''),
(29, '7403', 'Yusuf Baharudin', 'L', '11RPL1', 'Senin'),
(32, '7404', 'Zaeniah Safitri', 'P', '11TBS2', 'Selasa'),
(34, '7405', 'Zahra Hanifah', 'P', '11UPW1', ''),
(34, '7407', 'Zahrah Maharani Putri', 'P', '11TBS1', 'Jum\'at'),
(30, '7408', 'Zedy Adam', 'L', '11RPL2', ''),
(33, '7409', 'Zera Nofriatama Rayhanningrum', 'P', '11TBS2', 'Jum\'at'),
(34, '7410', 'Zuli Lestari', 'P', '11TBS3', 'Jum\'at'),
(1, '7411', 'Abdurrohman', 'L', '10TBG1', 'Senin'),
(1, '7412', 'Achmad Andika Tunas Zafzaf', 'L', '10PH2', 'Selasa'),
(1, '7413', 'Achmad Setian Nabawi', 'L', '10RPL2', 'Rabu'),
(1, '7414', 'Achmad Syaiful Bahri', 'L', '10RPL1', 'Kamis'),
(1, '7415', 'Adelia Dwi Febriayanti', 'P', '10TBS1', ''),
(1, '7416', 'Adelia Dwi Zalianti', 'P', '10TBG3', 'Senin'),
(1, '7417', 'Adelia Nur Eksanti', 'P', '10TBG2', 'Senin'),
(2, '7418', 'Adelia Rahma Afriliani', 'P', '10TBG3', 'Selasa'),
(3, '7419', 'Adelia Syifa Febristin', 'P', '10TBG3', 'Rabu'),
(2, '7420', 'Adeline Dorothy Veronica Opat', 'P', '10TBS1', ''),
(1, '7421', 'Adhinda Khairunnisa Syahirah', 'P', '10UPW1', 'Kamis'),
(4, '7422', 'Adinda Nur Fatwa', 'P', '10TBG3', 'Kamis'),
(2, '7423', 'Adinda Syaharani', 'P', '10PH2', 'Jum\'at'),
(2, '7424', 'Aditya Indratna', 'L', '10RPL1', 'Jum\'at'),
(3, '7425', 'Adji Manggala', 'L', '10PH2', 'Selasa'),
(2, '7426', 'Afinda Rino Fadhilah', 'L', '10TBG1', 'Senin'),
(3, '7427', 'Ahasyweros Seftafyano', 'L', '10RPL1', 'Kamis'),
(4, '7428', 'Ahmad Maulana', 'L', '10RPL1', 'Selasa'),
(2, '7429', 'Ahmad Sulthan Habsyi', 'L', '10RPL2', 'Senin'),
(1, '7430', 'Aida Fitriani', 'P', '10PH1', 'Senin'),
(1, '7431', 'Aisyah Arbela', 'P', '10TBS3', 'Selasa'),
(5, '7432', 'Aisyah Nur Arsyiyah', 'P', '10TBG3', 'Selasa'),
(3, '7433', 'Ajeng Iva Elvira', 'P', '10TBG1', 'Senin'),
(2, '7434', 'Akkilah Fadilatun Nisa', 'P', '10UPW1', 'Kamis'),
(3, '7435', 'Aldian Dimas Pratama', 'L', '10RPL2', 'Selasa'),
(2, '7436', 'Alfian Satria Prayoga', 'L', '10TBG2', 'Senin'),
(4, '7438', 'Alfiyyah Wulandari', 'P', '10PH2', 'Rabu'),
(5, '7439', 'Alief Akbar Syachputra', 'L', '10RPL1', 'Rabu'),
(6, '7440', 'Alief Trisakti', 'L', '10RPL1', 'Selasa'),
(1, '7441', 'Alivia Naila', 'P', '10TBS2', 'Senin'),
(2, '7442', 'Aliyah Kustriani Susilo', 'P', '10TBS3', 'Selasa'),
(4, '7443', 'Allanis Tsaniya Adzani', 'P', '10TBG1', 'Senin'),
(1, '7444', 'Allie Andustan', 'L', '10PH3', 'Senin'),
(2, '7445', 'Alliyah Kaori Putri', 'P', '10TBS2', 'Selasa'),
(3, '7446', 'Alvi Nur Apriliani', 'P', '10TBG2', 'Senin'),
(3, '7447', 'Alvintia Asri Mariskandani', 'P', '10TBS2', 'Rabu'),
(6, '7448', 'Alvito Dienova Santosa', 'L', '10TBG3', 'Senin'),
(2, '7449', 'Alya Fahlia', 'P', '10PH1', 'Senin'),
(4, '7450', 'Alya Kinata Batari Lubis', 'P', '10TBS2', 'Kamis'),
(7, '7451', 'Amalia Aswar', 'P', '10RPL1', 'Senin'),
(5, '7452', 'Amalliah Rahmah Sari', 'P', '10PH2', 'Rabu'),
(3, '7453', 'Amanda Naza Aulia', 'P', '10TBS3', 'Kamis'),
(3, '7454', 'Amanda Shafira', 'P', '10UPW1', 'Selasa'),
(4, '7455', 'Amelia Rahmawati', 'P', '10TBS3', 'Selasa'),
(6, '7456', 'Amellia Putri', 'P', '10PH2', 'Rabu'),
(5, '7457', 'Ananda Putria Shaleha', 'P', '10TBS3', 'Kamis'),
(4, '7458', 'Ananda Saputra Yanwar', 'L', '10RPL2', 'Kamis'),
(5, '7459', 'Ananda Savitri ', 'P', '10TBG1', 'Selasa'),
(6, '7460', 'Anandiya Yushara', 'P', '10TBS3', 'Senin'),
(4, '7461', 'Andyni Yuthika Risqi', 'P', '10UPW1', 'Jumat'),
(7, '7462', 'Angelica Belinda Hartono', 'P', '10TBG3', 'Kamis'),
(5, '7463', 'Angelysia Kusuma Dewi Rizky', 'P', '10UPW1', 'Rabu'),
(7, '7464', 'Anisa Fitri ', 'P', '10TBS3', 'Jum\'at'),
(8, '7465', 'Anisa Ulfa Prihatin ', 'P', '10TBS3', 'Kamis'),
(7, '7466', 'Anita Dwi Mulyanti', 'P', '10PH2', 'Kamis'),
(8, '7467', 'Anjar Dwi Lestari', 'P', '10TBG3', 'Selasa'),
(3, '7468', 'Anneke Valencia', 'P', '10TBS1', ''),
(5, '7469', 'Annisa Maharani', 'P', '10TBS2', 'Jum\'at'),
(8, '7470', 'Annisa Rahma', 'P', '10PH2', 'Senin'),
(8, '7471', 'Ananda Saputra Yanwar ', 'L', '10RPL1', 'Senin'),
(2, '7472', 'Aprilia Ristiyana', 'P', '10PH3', 'Senin'),
(4, '7473', 'Arcy Mustika Sari', 'P', '10TBS1', ''),
(5, '7474', 'Ardyan Syahputra', 'L', '10RPL2', 'Kamis'),
(6, '7475', 'Arief Marvin Handoko', 'L', '10RPL2', 'Jum\'at'),
(6, '7476', 'Arindita Naura', 'P', '10TBS2', 'Senin'),
(4, '7477', 'Arya Airlangga', 'L', '10TBG2', 'Selasa'),
(6, '7478', 'Arya Rasendriya', 'L', '10UPW1', 'Kamis '),
(3, '7479', 'Arya Sindhu Pratama', 'L', '10PH1', 'Selasa'),
(9, '7480', 'Aryani Widyaningsih', 'P', '10PH2', 'Jum\'at'),
(5, '7481', 'Asifa Nurhaliza', 'P', '10TBG2', 'Senin'),
(10, '7482', 'Asifah Salsabila', 'P', '10PH2', 'Jum\'at'),
(5, '7483', 'Asprianda ', 'P', '10TBS1', ''),
(9, '7484', 'Anugra Muhammad Syarif', 'L', '10RPL1', 'Jum\'at'),
(11, '7485', 'Audy Lia Azahra L', 'P', '10PH2', 'Selasa'),
(7, '7486', 'Aulia Daffa Alizza', 'P', '10TBS2', 'Selasa'),
(9, '7487', 'Aulia Rizieq', 'L', '10TBG3', 'Jum\'at'),
(6, '7488', 'Aulia Sabina', 'P', '10TBS1', ''),
(6, '7489', 'Aulia Zahra Saputri', 'P', '10TBG2', 'Selasa'),
(7, '7490', 'Ayu Andini Mahesa Putri', 'P', '10TBG2', 'Jum\'at'),
(3, '7491', 'Azelia Ghea Putri', 'P', '10PH3', 'Senin'),
(7, '7492', 'Azhar Bramantio', 'L', '10RPL2', 'Jum\'at'),
(10, '7493', 'Athallah Rizaldi', 'L', '10RPL1', 'Selasa'),
(11, '7494', 'Azhar Ramadhan Halim', 'L', '10RPL1', 'Kamis'),
(12, '7495', 'Bagas Dewantoro', 'L', '10PH2', 'Selasa'),
(8, '7496', 'Bagus Prianto', 'L', '10RPL2', 'Senin'),
(9, '7497', 'Bagus Septiady', 'L', '10RPL2', 'Selasa'),
(10, '7498', 'Bayu Maulana', 'L', '10RPL2', 'Rabu'),
(7, '7499', 'Bayu Yaka Putra', 'L', '10TBS1', ''),
(8, '7500', 'Bella Gabriala Marwoto', 'P', '10TBS2', 'Rabu'),
(4, '7501', 'Bleswan Siahaan', 'L', '10PH3', 'Senin'),
(10, '7502', 'Bulan Suci Rohuluna', 'P', '10TBG3', 'Jum\'at'),
(12, '7503', 'Az-zukhrufi Nurjamil', 'L', '10RPL1', 'Senin'),
(11, '7504', 'Carin Angelita P', 'P', '10TBG3', 'Rabu'),
(4, '7505', 'Chesa Rani Alam', 'P', '10PH1', 'Rabu'),
(13, '7506', 'Choirinisa Fadilah', 'P', '10PH2', 'Senin'),
(12, '7507', 'Chris Agustina', 'P', '10TBG3', 'Jum\'at'),
(8, '7508', 'Cintya Magdalena Situmorang', 'P', '10TBS1', ''),
(9, '7509', 'Cindi Adelia', 'P', '10TBS1', ''),
(5, '7510', 'Citra Blanca Octafelia', 'P', '10PH3', 'Selasa'),
(14, '7511', 'Cyndi Putri Okta Fiani', 'P', '10PH2', 'Jum\'at'),
(5, '7512', 'Daffa Raihan Athiq', 'L', '10PH1', 'Rabu'),
(13, '7513', 'Daffa Saputo Widarto', 'L', '10TBG3', 'Jum\'at'),
(11, '7514', 'Daris Andalusia', 'L', '11TBG2', 'Senin'),
(15, '7515', 'Dava Syach Al Hufi', 'L', '10PH2', 'Kamis'),
(11, '7516', 'Dea Maulida Faradilah', 'P', '10RPL2', 'Selasa'),
(6, '7517', 'Dea Sukma Rahmawati', 'P', '10PH3', 'Selasa'),
(6, '7518', 'Dela Safira', 'P', '10TBG1', 'Selasa'),
(7, '7519', 'Delvia Aurora', 'P', '10TBG1', 'Selasa'),
(9, '7520', 'Delia Fitriani', 'P', '10TBS3', 'Kamis'),
(10, '7521', 'Demia Afifah Nabila', 'P', '10TBS3', 'Selasa'),
(13, '7522', 'Deva Yudha', 'L', '10RPL1', 'Jum\'at'),
(11, '7523', 'Devitarini', 'P', '10TBS3', 'Senin'),
(9, '7524', 'Devitalia Febrianti', 'P', '10TBS2', 'Kamis'),
(7, '7525', 'Devitri Nuraini', 'P', '10UPW1', 'Kamis'),
(10, '7526', 'Dhira Zativa Adelwais Bahariawan', 'P', '10TBS1', ''),
(8, '7527', 'Dhiya Ummi Ulhaq ', 'P', '10TBG2', 'Selasa'),
(6, '7528', 'Diah Novita', 'P', '10PH1', 'Selasa'),
(8, '7529', 'Dian Nur Salsabila', 'P', '10UPW1', 'Kamis'),
(8, '7530', 'Diana Fitriani', 'P', '10TBG1', 'Rabu'),
(14, '7531', 'Dicky Kurniawan', 'L', '10RPL1', 'Rabu'),
(12, '7532', 'Difina Agusti Rahmawati', 'P', '10TBS3', 'Senin'),
(14, '7533', 'Dina Hamda Putriani', 'P', '10TBG3', ''),
(15, '7534', 'Dina Noviyanti', 'P', '10TBG3', 'Rabu'),
(16, '7535', 'Dinda Febrianti', 'P', '10PH2', 'Senin'),
(15, '7536', 'Dino Priyono', 'L', '10RPL1', 'Rabu'),
(17, '7537', 'Dita Kusuma Hapsari', 'P', '10PH2', 'Kamis'),
(10, '7539', 'Diva Maharani Octa Wijaya', 'P', '10TBS2', 'Jum\'at'),
(9, '7540', 'Diyah Sulistyowati', 'P', '10UPW1', 'Senin'),
(16, '7541', 'Dody Setyawan', 'L', '10RPL1', 'Jum\'at'),
(16, '7542', 'Dwi Indah Pratiwi', 'P', '10TBG3', 'Jum\'at'),
(17, '7543', 'Dwi Kurniawan Rizky', 'L', '10RPL1', 'Selasa'),
(9, '7544', 'Dwi Maryam Nur\'aini', 'P', '10TBG2', 'Senin'),
(13, '7545', 'Diyah Alrifda Hanifah', 'P', '10TBS3', 'Senin'),
(8, '7546', 'Dyah Ayu Lestari', 'P', '10PH3', 'Senin'),
(18, '7547', 'Dyandra Kusuma', 'P', '10PH2', 'Selasa'),
(9, '7548', 'Dzika Imil Sabillah ', 'P', '10PH3', 'Selasa'),
(7, '7549', 'Earyana', 'P', '10PH1', 'Senin'),
(10, '7550', 'Eduar Husaf Ghifar', 'L', '10UPW1', 'Rabu'),
(14, '7551', 'Ella Dwi Jayanti', 'P', '10TBS3', 'Jum\'at'),
(11, '7552', 'Eliana Cintamya Nelwan', 'P', '10UPW1', 'Senin'),
(17, '7553', 'Elsarin Naomi', 'P', '10TBG3', 'Senin'),
(8, '7554', 'Ersaniyah Jihan Fabiola', 'P', '10PH1', 'Jum\'at'),
(12, '7555', 'Fadli Haical Gustin', 'L', '10RPL2', 'Rabu'),
(13, '7556', 'Fadya Nurulia', 'P', '10RPL2', 'Kamis'),
(11, '7557', 'Faiz Mathar Nabil', 'P', '11PH1', ''),
(12, '7558', 'Faiza Rahayu', 'P', '10UPW1', 'Rabu'),
(10, '7559', 'Fajar Ferdiansyah', 'L', '10TBG2', 'Selasa'),
(14, '7560', 'Falian Gibran Mahesa', 'L', '10RPL2', 'Senin'),
(12, '7561', 'Fanny Efilin Pelletimu', 'P', '10TBS1', ''),
(10, '7562', 'Farah Dhifa Zalianty', 'P', '10PH3', 'Kamis'),
(15, '7563', 'Farah Nurul Izzah', 'P', '10TBS3', 'Selasa'),
(18, '7564', 'Farhan Armawan', 'L', '10RPL1', 'Rabu'),
(19, '7565', 'Farhan Bhezni', 'L', '10RPL1', 'Rabu'),
(15, '7566', 'Farhan Elfaradi Ar', 'L', '10RPL2', 'Selasa'),
(16, '7567', 'Fatimah Az Zahro', 'P', '10TBS3', 'Rabu'),
(13, '7568', 'Faturrahman', 'L', '10UPW1', 'Selasa'),
(9, '7569', 'Fauzan Abdul Salam', 'L', '10TBG1', 'Rabu'),
(18, '7570', 'Fauzan Dwi Nugroho', 'L', '10TBG3', 'Kamis'),
(16, '7571', 'Fauzi Ibrahim', 'L', '10RPL2', 'Rabu'),
(14, '7572', 'Fauziah Dwi Resya', 'P', '10UPW1', 'Jumat'),
(11, '7573', 'Fauzziyah Fadhilah', 'P', '10TBS2', 'Senin'),
(11, '7574', 'Fayza Pingkan Nayia', 'P', '10TBG2', 'Senin'),
(9, '7575', 'Febri Dwi Savira ', 'P', '10PH1', 'Selasa'),
(11, '7576', 'Ferdi Widianto', 'L', '10PH3', 'Rabu'),
(17, '7577', 'Ferdiansyah', 'L', '10RPL2', 'Senin'),
(10, '7578', 'Ferina Widya Prihatini', 'P', '10TBG1', 'Rabu'),
(11, '7579', 'Ferlyna Dwi Kartina', 'P', '10TBG1', 'Rabu'),
(19, '7580', 'Ferry Antasena Banonanto', 'L', '10PH2', 'Senin'),
(10, '7581', 'Fikri Setyawan', 'L', '10PH1', 'Jum\'at'),
(18, '7582', 'Fikry Arifiansyah', 'L', '10RPL2', 'Selasa'),
(12, '7583', 'Firda Fauziyah', 'P', '10TBG2', 'Selasa'),
(11, '7584', 'Fitri Almayda ', 'P', '10PH1', 'Kamis'),
(13, '7585', 'Fitri Khoerunnisa', 'P', '10TBS1', ''),
(14, '7586', 'Gayatri Putri Kelana', 'P', '10TBS1', ''),
(12, '7587', 'Gihan Fatiha Tumu', 'P', '10PH1', 'Senin'),
(19, '7588', 'Gina Salma Sabilla', 'P', '10TBG3', 'Rabu'),
(20, '7589', 'Haditya Fajri Bahri Ramadhan', 'L', '10RPL1', 'Selasa'),
(20, '7590', 'Hafizh Dhafa Pratama', 'L', '10TBG3', 'Rabu'),
(12, '7591', 'Halimatussadiah', 'P', '10TBG1', 'Kamis'),
(13, '7592', 'Hanif Muwwafaq Usman', 'L', '10PH1', 'Selasa'),
(21, '7593', 'Hanifah Rizky Ramadhany', 'P', '10TBG3', 'Kamis'),
(15, '7594', 'Hanna Joestine Simbolon', 'P', '10UPW1', 'Jumat'),
(16, '7595', 'Haykal Ibnu S', 'L', '10UPW1', 'Selasa'),
(21, '7596', 'Hegar Gumilang', 'L', '10RPL1', 'Rabu'),
(13, '7597', 'Helmalia Fitri Atikah', 'P', '10TBG2', 'Selasa'),
(12, '7598', 'Hendrik Permana', 'L', '10PH3', 'Senin'),
(17, '7599', 'Hikmah Hani Muzaroh ', 'P', '10TBS3', 'Kamis'),
(14, '7600', 'Husnah Khamilah', 'P', '10TBG2', 'Rabu'),
(15, '7601', 'Ifana Nur Az Zahra ', 'P', '10TBS1', ''),
(13, '7602', 'Ignatius Eka Pratista', 'L', '10PH3', 'Senin'),
(14, '7603', 'Imam Cahya Wijaya', 'L', '10PH1', 'Senin'),
(16, '7604', 'Inayah', 'P', '10TBS1', ''),
(12, '7605', 'Indah Wulan Permatasari', 'P', '10TBS2', 'Selasa'),
(13, '7606', 'Indi Masro\'in', 'P', '10TBG1', 'Kamis'),
(21, '7607', 'Ine Alfiane Febrianti', 'P', '10PH2', 'Senin'),
(17, '7608', 'Intan Ayu Diningtyas', 'P', '10UPW1', 'Senin'),
(18, '7609', 'Intan Berliana', 'P', '10TBS3', 'Selasa'),
(13, '7610', 'Iqlima Prasetyo', 'P', '10TBS2', 'Kamis'),
(19, '7611', 'Isman', 'L', '10RPL2', 'Senin'),
(22, '7612', 'Isti Hasna Lestari Boru Ginting', 'P', '10PH2', 'Rabu'),
(14, '7613', 'Iyyah Komalasari Asmara', 'P', '10PH3', 'Rabu'),
(20, '7614', 'Izzan Khairil Anam', 'L', '10RPL2', 'Kamis'),
(15, '7615', 'Jaka Amirul Asrori', 'L', '10PH1', 'Selasa'),
(18, '7616', 'Jasmine Aprilian Purnama Putri', 'P', '10UPW1', 'Jumat'),
(19, '7617', 'Javanda Tiara Vanessa ', 'P', '10TBS3', 'Senin'),
(19, '7618', 'Jean Sayka', 'P', '10UPW1', 'Selasa'),
(15, '7619', 'Josep Samuel Angelo', 'L', '10PH3', 'Selasa'),
(16, '7620', 'Julius Pandapotan Sitorus', 'L', '10PH3', 'Rabu'),
(16, '7621', 'Kaeisha Faridhina', 'P', '10PH1', 'Jum\'at'),
(20, '7622', 'Kania Nindita Hapsari', 'P', '10TBS3', 'Jum\'at'),
(21, '7623', 'Khairunisa', 'P', '10TBS3', 'Rabu'),
(22, '7624', 'Kiki Mubarokah', 'P', '10TBS3', 'Senin'),
(14, '7625', 'Kikyna Putriana Desta', 'P', '10TBS2', 'Jum\'at'),
(22, '7627', 'Krisna Setyo Ramadhan', 'L', '10RPL1', 'Jum\'at'),
(21, '7628', 'Kurniadi Saputra', 'L', '10RPL2', 'Kamis'),
(17, '7629', 'Kus Berliana', 'P', '10TBS1', ''),
(20, '7630', 'Laden Rangga', 'L', '10UPW1', 'Jumat'),
(23, '7631', 'Laela Sabrina', 'P', '10PH2', 'Selasa'),
(22, '7632', 'Laja', 'L', '10RPL2', 'Rabu'),
(21, '7633', 'Laras OctaViana', 'P', '10UPW1', 'Rabu'),
(22, '7634', 'Laura Juniartati Hutabalian', 'P', '10TBG3', 'Rabu'),
(14, '7635', 'Liana Dewi Artini', 'P', '10TBG1', 'Kamis'),
(17, '7636', 'Lilis Apriyani', 'P', '11TBG1', ''),
(18, '7637', 'Lola Deanita Norberta', 'P', '10TBS1', ''),
(24, '7638', 'Luis Octavia Maharani', 'P', '10PH2', 'Rabu'),
(23, '7640', 'Luthfia Akbar Ummaroh', 'L', '10TBG3', 'Senin'),
(22, '7641', 'Luvita Rosmayanti', 'P', '10UPW1', 'Rabu'),
(23, '7642', 'Maolana Malik', 'L', '10RPL2', 'Kamis'),
(15, '7643', 'Mardatilah Suharti', 'P', '10TBS2', 'Senin'),
(16, '7644', 'Mariska Salsabila Azzahra', 'P', '10TBS2', 'Selasa'),
(15, '7646', 'Marsela Ananda Putri Azzahra', 'P', '10TBG2', 'Selasa'),
(19, '7647', 'Maulina Herawati', 'P', '10TBS1', ''),
(20, '7648', 'Maulinda Sari', 'P', '10TBS1', ''),
(17, '7649', 'Mesya Dwi Anggraini', 'P', '10PH1', 'Selasa'),
(21, '7650', 'Melisa Nur Sakuroh', 'P', '10TBS1', ''),
(23, '7651', 'Mellisya Dyah Putri', 'P', '10TBS3', 'Jum\'at'),
(24, '7652', 'Mohamad Fajar Riyandi', 'L', '10RPL2', 'Jum\'at'),
(17, '7653', 'Mifta Huljannah ', 'P', '10TBS2', 'Rabu'),
(17, '7654', 'Milyaz Saragih', 'L', '10PH3', 'Selasa'),
(25, '7655', 'Mohammad Khadafi', 'L', '10PH2', 'Rabu'),
(18, '7656', 'Mochammad Yusuf Zulkarnaen', 'L', '10PH3', 'Kamis'),
(25, '7657', 'Mohamad Adriano Widodo', 'L', '10RPL2', 'Kamis'),
(26, '7659', 'Mu\'ammar Kurniawan', 'L', '10RPL2', 'Jum\'at'),
(27, '7660', 'Muflih Ahmad Fauzan Siregar', 'L', '10RPL2', 'Senin'),
(18, '7661', 'Muhamad Alif Nurmasyah', 'L', '10PH1', 'Rabu'),
(16, '7662', 'Muhammad Firdaus', 'L', '10TBG2', 'Rabu'),
(15, '7663', 'Muhamad Yusuf Nurashari', 'L', '10TBG1', 'Kamis'),
(23, '7664', 'Muhammad Alvif Arfin', 'L', '10RPL1', 'Senin'),
(17, '7665', 'Muhammad Daffa Mediansyah', 'L', '10TBG2', 'Kamis'),
(28, '7666', 'Muhammad Fahmi Ramdhan', 'L', '10RPL2', 'Rabu'),
(26, '7667', 'Muhammad Hafizh Ramdhani', 'L', '10PH2', 'Senin'),
(24, '7668', 'Muhammad Iqbal', 'L', '10RPL1', 'Selasa'),
(16, '7670', 'Muhammad Khaezravan Pradana', 'L', '10TBG1', 'Jum\'at'),
(19, '7671', 'Muhammad Rafi ', 'L', '10PH1', 'Kamis'),
(29, '7672', 'Muhammad Rafli Ramdhan', 'L', '10RPL2', 'Rabu'),
(17, '7673', 'Muhammad Rama Fauzan', 'L', '10TBG1', 'Jum\'at'),
(25, '7674', 'Muhammad Reza Alfarezi', 'L', '10RPL1', 'Senin'),
(18, '7675', 'Muhammad Shadam Rizky', 'L', '10TBG1', 'Jum\'at'),
(19, '7676', 'Muhammad Shayrul Mayda Saputra', 'L', '10PH3', 'Jum\'at'),
(26, '7677', 'Muhammad Yazid Khoirudin', 'L', '10RPL1', 'Kamis'),
(18, '7678', 'Muhammad Zakly Pradiptama', 'L', '10TBG2', 'Rabu'),
(20, '7679', 'Nabila Khairiyah', 'P', '10PH3', 'Selasa'),
(18, '7681', 'Nabilah Awaliah', 'P', '10TBS2', 'Kamis');
INSERT INTO `siswa` (`no`, `nis`, `name`, `gender`, `kelas`, `hari`) VALUES
(19, '7682', 'Nabila Azahrah', 'P', '10TBG2', 'Senin'),
(20, '7683', 'Nabila Nur Fitriani', 'P', '10PH1', 'Selasa'),
(19, '7684', 'Nadira Putri Regia', 'P', '10TBS2', 'Jum\'at'),
(19, '7685', 'Nadita Zalfa Muhanna', 'P', '10TBG1', 'Jum\'at'),
(23, '7686', 'Nadya Nur Fadilah', 'P', '10UPW1', 'Jumat'),
(21, '7687', 'Naek Budi Perkasa Silitonga', 'L', '10PH3', 'Jum\'at'),
(24, '7688', 'Naffisa Salwah', 'P', '10TBG3', 'Senin'),
(20, '7689', 'Nazla Qanita Syaiful', 'P', '10TBG1', 'Jum\'at'),
(21, '7690', 'Nakumi', 'P', '10TBG1', 'Jum\'at'),
(20, '7691', 'Nasywaa Rachella Putri', 'P', '10TBG2', 'Rabu'),
(22, '7692', 'Natasya Savitri', 'P', '10TBG1', 'Jum\'at'),
(22, '7693', 'Nathally Angeline Sianturi', 'P', '10TBS1', ''),
(27, '7694', 'Naufal Bayu Setiawan', 'L', '10RPL1', 'Kamis'),
(24, '7695', 'Naufal Diaz Pratama', 'L', '10UPW1', 'Rabu'),
(21, '7696', 'Navigo Fasa Alfitra', 'L', '10PH1', 'Rabu'),
(22, '7697', 'Nila Safitri ', 'P', '10PH1', 'Kamis'),
(28, '7698', 'Nicholas Jona Afdan', 'L', '10RPL1', 'Kamis'),
(21, '7699', 'Nida Hanifah', 'P', '10TBG2', 'Rabu'),
(20, '7700', 'Niken Wulandari', 'P', '10TBS2', ''),
(23, '7701', 'Nofitri Agustina', 'P', '10TBG1', 'Kamis'),
(30, '7702', 'Novan Deva Ramadhan', 'L', '10RPL2', 'Jum\'at'),
(21, '7703', 'Novi Kusmirah', 'P', '10TBS2', 'Selasa'),
(29, '7705', 'Nur Cahyo Utomo', 'L', '10RPL1', 'Selasa'),
(27, '7706', 'Nur Hafsah', 'P', '10PH2', 'Jum\'at'),
(28, '7707', 'Nur Mala Sari', 'P', '10PH2', 'Kamis'),
(25, '7708', 'Nur Rendy Mustofa', 'L', '10TBG3', 'Kamis'),
(25, '7709', 'Nurlaela Agustin', 'P', '10UPW1', 'Kamis'),
(22, '7710', 'Nurul Aflah', 'P', '10PH3', 'Jum\'at'),
(24, '7711', 'Nurul Fadhilah ', 'P', '10TBG1', 'Kamis'),
(29, '7712', 'Oktavia', 'P', '10PH2', 'Senin'),
(31, '7713', 'Olga Ardhita Pratama', 'L', '10RPL2', 'Kamis'),
(23, '7714', 'Olga Nathalie Prasdianti', 'P', '10PH3', 'Rabu'),
(32, '7715', 'Panji Ramadhan', 'L', '10RPL2', 'Jum\'at'),
(26, '7716', 'Pedro Antonio Putra Sinurat', 'P', '10TBG3', 'Selasa'),
(25, '7717', 'Pradilah Tahta Dhilika', 'L', '10TBG1', 'Kamis'),
(27, '7718', 'Pricilia Putri Salsabila', 'P', '10TBG3', 'Kamis'),
(23, '7719', 'Prima Diana Investaprilia', 'P', '10TBS1', ''),
(24, '7720', 'Putra Alif Fadhillah ', 'L', '10PH3', 'Rabu'),
(24, '7721', 'Putri Dwi Julianti', 'P', '10TBS3', 'Jum\'at'),
(23, '7722', 'Putri Fariba Azizah', 'P', '10PH1', 'Rabu'),
(25, '7723', 'Putri Nadhila', 'P', '10TBS3', 'Rabu'),
(24, '7724', 'Putri Nur\'aini Zahra', 'P', '10TBG2', 'Kamis'),
(26, '7725', 'Putri Saharani Revita Mailana', 'P', '10TBS3', 'Selasa'),
(27, '7726', 'Putri Sakinah', 'P', '10TBS3', 'Rabu'),
(28, '7727', 'Putri Sundari', 'P', '10TBS3', 'Jum\'at'),
(28, '7728', 'Rachel Chintya Putri', 'P', '10TBG3', 'Selasa'),
(30, '7729', 'Rafi Fauzan', 'L', '10PH2', 'Senin'),
(22, '7730', 'Rahma Annisa Sakinah', 'P', '10TBS2', 'Rabu'),
(30, '7731', 'Rakha Zahran Nurfirmansyah', 'L', '10RPL1', 'Rabu'),
(31, '7732', 'Ralf Manuel Midangkay', 'L', '10RPL1', 'Jum\'at'),
(25, '7733', 'Rama Sayyid Aslam', 'L', '10PH3', 'Selasa'),
(31, '7734', 'Rani Amelia Putri', 'P', '10PH2', 'Selasa'),
(26, '7735', 'Rantyas Prameswari Halim', 'P', '10TBG1', 'Kamis'),
(24, '7736', 'Ratih Sriwidyanti', 'P', '10TBS1', ''),
(24, '7737', 'Raihan Pratama', 'L', '10PH1', 'Senin'),
(25, '7738', 'Rayyan Ibnu Sariyyan', 'L', '10PH1', 'Senin'),
(26, '7739', 'Retno Dwi Adhi Ndana', 'P', '10PH1', 'Rabu'),
(27, '7740', 'Reyhan Alfarizzi', 'L', '10PH1', 'Kamis'),
(29, '7742', 'Reyva Azhara Sabilla', 'P', '10TBS3', 'Kamis'),
(33, '7743', 'Ridho Ariansyah', 'L', '10RPL2', 'Selasa'),
(25, '7744', 'Rienjani Kartika Syari', 'P', '10TBS1', ''),
(32, '7745', 'Rifky Abdul Akbar', 'L', '10PH2', 'Jum\'at'),
(34, '7746', 'Rifky Andira Pratama', 'L', '10RPL2', 'Selasa'),
(30, '7747', 'Risa Amalia Suryani', 'P', '10TBS3', 'Rabu'),
(29, '7748', 'Risma Nur Arsyah', 'P', '10TBG3', 'Kamis'),
(32, '7749', 'Riza Anantowi Hadi', 'L', '10RPL1', 'Kamis'),
(31, '7750', 'Rizki Dwi Anggraeni', 'P', '10TBS3', 'Jum\'at'),
(27, '7751', 'Rizkia Putri Maulani', 'P', '10TBG1', 'Rabu'),
(28, '7752', 'Rizqy Jonathan Fatahillah', 'L', '10PH1', 'Jum\'at'),
(26, '7753', 'Rizkya Salsabila Agustian', 'P', '10UPW1', 'Selasa'),
(33, '7754', 'Robby Rama Illahi', 'L', '10PH2', 'Kamis'),
(35, '7755', 'Rommy Esvaldo Bhagaskara', 'L', '10RPL2', 'Jum\'at'),
(29, '7756', 'Rosita Dewi', 'P', '10PH1', 'Rabu'),
(23, '7757', 'Sabrina Nindya Prasasty', 'L', '10TBG2', 'Kamis'),
(34, '7758', 'Saddam Rizqi Alfadh', 'L', '10PH2', 'Kamis'),
(26, '7759', 'Saeful Fahmi Alamsyah', 'L', '10PH3', 'Kamis'),
(23, '7760', 'Safira Delvia', 'P', '10TBS2', 'Kamis'),
(30, '7761', 'Salma Aufa Buhory', 'P', '10TBG3', 'Kamis'),
(24, '7762', 'Salsa Fitrianingsih', 'P', '10TBG2', 'Rabu'),
(27, '7763', 'Salsa Putri Rahmadina', 'P', '11TBG3', ''),
(27, '7764', 'Salsabila Agustian', 'P', '10UPW1', 'Rabu'),
(28, '7765', 'Salsabillah Anjeli', 'P', '10TBG1', 'Rabu'),
(32, '7766', 'Salsiah Nabilah', 'P', '10TBS3', 'Rabu'),
(27, '7767', 'Salzabila', 'P', '10PH3', 'Rabu'),
(28, '7768', 'Sandra Aura Priscila', 'P', '10UPW1', 'Jumat'),
(25, '7769', 'Savira Zahwa', 'P', '10TBG2', 'Senin'),
(29, '7770', 'Sarah Monica Aulia', 'P', '10UPW1', 'Senin'),
(26, '7771', 'Sarsah Tazzkia Ramadhanti', 'P', '10TBS1', ''),
(26, '7772', 'Satria Ahmad Juliandi', 'L', '10TBG2', 'Jum\'at'),
(33, '7773', 'Satria Fikasih', 'L', '10RPL1', 'Senin'),
(34, '7774', 'Satria Oktapianus', 'L', '10RPL1', 'Jum\'at'),
(24, '7775', 'Septiani Cahyo Utami', 'P', '10TBS2', 'Jum\'at'),
(31, '7776', 'Septiawati', 'P', '10TBG3', 'Selasa'),
(32, '7777', 'Sevhianita Dwi Cahya', 'P', '10TBG3', 'Senin'),
(25, '7778', 'Shanty Kusuma Wardhani', 'P', '10TBS2', 'Senin'),
(27, '7779', 'Sharfina', 'P', '10TBG2', 'Jum\'at'),
(28, '7780', 'Shavira Kartika Ryaningtyas ', 'P', '10PH3', 'Kamis'),
(30, '7781', 'Sheila Zahraina', 'P', '10UPW1', 'Kamis'),
(29, '7782', 'Sheren Virgia Savira', 'P', '10TBG1', 'Rabu'),
(27, '7783', 'Sherlina', 'P', '10TBS1', ''),
(30, '7784', 'Silva Tiara ', 'P', '10TBG1', 'Selasa'),
(29, '7785', 'Silvana Novitasari', 'P', '10PH3', 'Kamis'),
(31, '7786', 'Silvia Hasanah', 'P', '10UPW1', 'Selasa'),
(26, '7787', 'Silviana Komaria', 'P', '10TBS2', 'Selasa'),
(28, '7788', 'Siska Ariyanti', 'P', '10TBS1', ''),
(30, '7789', 'Siti Azahra', 'P', '10PH3', 'Rabu'),
(33, '7790', 'Siti Fatimah Hasibuan', 'P', '10TBS3', 'Jum\'at'),
(28, '7791', 'Siti Mae Juleha', 'P', '10TBG2', 'Jum\'at'),
(27, '7792', 'Siti Masitoh', 'P', '10TBS2', 'Rabu'),
(28, '7793', 'Siti Nur Azizah', 'P', '10TBS2', 'Kamis'),
(34, '7794', 'Siti Saidah Nasiroh', 'P', '10TBS3', 'Rabu'),
(31, '7795', 'Suci Putri Andini', 'P', '10TBG1', 'Selasa'),
(29, '7796', 'Suci Rahmadani', 'P', '10TBS1', ''),
(32, '7797', 'Suci Wulandari', 'P', '10TBG1', 'Selasa'),
(29, '7798', 'Susi Syaidatul Zahra', 'P', '10TBG2', 'Jum\'at'),
(30, '7799', 'Syabila Putti Qur\'Aini', 'P', '10TBG2', 'Kamis'),
(35, '7800', 'Syadine Falmi Paramitha', 'P', '10TBS3', 'Kamis'),
(29, '7801', 'Syafa Nabila Kesya Priatna', 'P', '10TBS2', 'Jum\'at'),
(30, '7802', 'Syahmalia Syauly', 'P', '10PH1', 'Senin'),
(30, '7803', 'Syalwa Isnaini Putri', 'P', '10TBS1', ''),
(35, '7804', 'Syamil Imdad Mahasin', 'L', '10RPL1', 'Rabu'),
(30, '7805', 'Syarifa Fadhlun ', 'P', '10TBS2', 'Senin'),
(31, '7806', 'Syifa Najwa Putri', 'P', '10TBS2', 'Kamis'),
(33, '7807', 'Talitha Shidqi Zahra', 'P', '10TBG1', 'Selasa'),
(32, '7808', 'Tania Fatma', 'P', '10UPW1', 'Senin'),
(31, '7809', 'Tarisah', 'P', '10PH3', 'Jum\'at'),
(35, '7810', 'Thania Rachma Yanti Sukma', 'P', '10PH2', 'Kamis'),
(32, '7811', 'Tharisya', 'P', '10TBS2', 'Rabu'),
(34, '7812', 'Tia Ibanez Yuniar', 'P', '10TBG1', 'Senin'),
(31, '7813', 'Tina Surachman ', 'P', '10PH1', 'Kamis'),
(32, '7814', 'Torang Anugrah Sinaga', 'L', '10PH3', 'Jum\'at'),
(33, '7815', 'Tri Ramadhan Novianto', 'L', '10PH3', 'Jum\'at'),
(31, '7817', 'Valentyna Anessya Magdalena', 'P', '10TBS1', ''),
(34, '7818', 'Valiza Alfifa', 'P', '10PH3', 'Jum\'at'),
(32, '7819', 'Venus Casanova Az-Zahra Nurul Anwar', 'P', '10PH1', 'Jum\'at'),
(31, '7820', 'Via Amara', 'P', '10TBG2', 'Jum\'at'),
(36, '7821', 'Victory Apriardi', 'L', '10RPL1', 'Senin'),
(35, '7822', 'Viero Virgiawan Adromedo', 'L', '10PH3', 'Kamis'),
(33, '7823', 'Vijay Zefanya Panjaitan', 'L', '10UPW1', 'Senin'),
(33, '7824', 'Vika Wahyu Sefiana', 'P', '10PH1', 'Jum\'at'),
(36, '7825', 'Vina Zahra Fadiyah', 'P', '10RPL2', 'Senin'),
(35, '7826', 'Viola Maharani Putri', 'P', '10TBG1', 'Senin'),
(34, '7827', 'Violetta Septya Julia Putri', 'P', '10PH1', 'Senin'),
(32, '7828', 'Virna Cahya Zahrani', 'P', '10TBG2', 'Kamis'),
(36, '7829', 'Vito Althaf Naufal', 'L', '10PH2', 'Rabu'),
(33, '7830', 'Wahyu Erlangga', 'L', '10TBG2', 'Jum\'at'),
(32, '7831', 'Wulan Febrianti', 'P', '10TBS1', ''),
(34, '7832', 'Yanti Susanti', 'P', '10TBG2', 'Rabu'),
(34, '7833', 'Yemima Regina Aurora Angelika S', 'P', '10UPW1', 'Jumat'),
(35, '7834', 'Yuanda Agung Putra ', 'L', '10UPW1', 'Senin'),
(36, '7835', 'Yudhistira Dwi Prihantoro', 'L', '10UPW1', 'Selasa'),
(36, '7836', 'Yumiko Natha Lareina', 'P', '10PH3', 'Kamis'),
(36, '7837', 'Yunita Nurlala Rujianti', 'P', '10TBS3', 'Senin'),
(33, '7838', 'Zafira Nuraini', 'P', '10TBG3', 'Selasa'),
(34, '7839', 'Zahra Fitri Ramadhan', 'P', '10TBG3', 'Jum\'at'),
(35, '7840', 'Zalika Putri Dewi', 'P', '10TBG2', 'Kamis'),
(36, '7841', 'Zafira Salwa Nisrina', 'P', '10TBG1', 'Senin'),
(36, '7842', 'Zulfahmi Fauzan', 'L', '10TBG2', 'Kamis');

-- --------------------------------------------------------

--
-- Table structure for table `users`
--

CREATE TABLE `users` (
  `name` varchar(32) NOT NULL,
  `username` varchar(20) NOT NULL,
  `password` varchar(72) NOT NULL,
  `kelas` varchar(6) NOT NULL,
  `access` varchar(6) NOT NULL
) ENGINE=InnoDB DEFAULT CHARSET=latin1;

--
-- Dumping data for table `users`
--

INSERT INTO `users` (`name`, `username`, `password`, `kelas`, `access`) VALUES
('Achmad Zulkarnain, S.Pd', 'achmadzulkarnain', 'eaf76fb7480aa7f4c00f8185c6db7bd9', '11TBS3', 'admin'),
('Adellyne Dorothy Veronica Opat', 'adellyne', '8455c5d79ea81b47f403d3a8026aceb0', '10TBS1', 'user'),
('Admin', 'admin', '0192023a7bbd73250516f069df18b500', '', 'admin'),
('Drs. Ajisar', 'ajisar', '919f844f5e0a26e4d0240e078a1e5b74', '12RPL2', 'admin'),
('Alief Trisakti', 'alieftrisakti', '248d1c233b084936c0624349eef5c21b', '10RPL1', 'user'),
('Aliyah Kustriani Susilo', 'aliyah', 'f82c2e4e906787001df7d5354ca95cb5', '10TBS3', 'user'),
('Andreas Maruli Hutajulu', 'andreas', 'cf13b35d9a8cbcee12d67b6af754971c', '12RPL1', 'user'),
('Arindita Naura', 'arindita', '89e71d84cb77b5ac7572039a96ba3018', '10TBS2', 'user'),
('Arya Ariangga', 'arya', '7584e595f26e8e946d3073be5dc1d2e6', '10TBG2', 'user'),
('Aryani Ambun Sari, S.Pd', 'aryaniambun', '5ad3b6c0856a5f76bbddf1b86e6a9993', '12TBS2', 'admin'),
('Asep Parhan', 'asep', '919f844f5e0a26e4d0240e078a1e5b74', '12RPL2', 'user'),
('Bayu Maulana', 'bayu', 'feddf61d3ef1e64f033987911bc45c0f', '10RPL2', 'user'),
('Bella Widyawati', 'bella', '5ad3b6c0856a5f76bbddf1b86e6a9993', '12TBS2', 'user'),
('Birry Dinda Rabi\'ah Tsania', 'birry', '5ad3b6c0856a5f76bbddf1b86e6a9993', '12TBS2', 'user'),
('Aldy Syachranie', 'boft', '7b74183d90bf0660c0fc02b41b142a59', '12RPL1', 'user'),
('Carla, S.Pd', 'carla', 'bdea1680203bad7305b8bc6bbeb5325e', '12TBS1', 'admin'),
('Chandra Aditiya', 'chandra', '6d2b5d70b212b0bb2aef02466839a854', '12PH1', 'user'),
('Cyndi Putri Oktafiani', 'cyndi', '48a3a42dafb77cdb0810437a18075f43', '10PH2', 'user'),
('Dafina Mawaddah Salsabilla', 'dafina', '4e6eb81027bb9565e12a9e0edc1ff036', '12PH2', 'user'),
('Dummy One', 'dummy1', '00043810d3fb5801f4ae1d709ae26af0', '12RPL2', 'user'),
('Elen Nurdiana, S.Pd', 'elennurdiana', 'c489dec20021ecfb1559693207cb8de4', '11UPW', 'admin'),
('Ella Dwi Jayanti', 'ella', 'f82c2e4e906787001df7d5354ca95cb5', '10TBS3', 'user'),
('Elsarin Naomi', 'elsarin', '1bd81f0d7844afbb5d7758ab7a774b6b', '10TBG3', 'user'),
('Dra. Elvyami Gani', 'elvyamigani', 'ca86a1e460a49cbee86232db1b492877', '10UPW', 'admin'),
('Eny Elastri, S.Pd', 'enyelastri', '9d6e51785895949cfe2c721eae04add6', '11TBG1', 'admin'),
('Eppi Sihombing, S.Pd', 'eppisihombing', '36c3225d42a4f39a916f5a5e846e5829', '11TBG2', 'admin'),
('Erni Susilawati, S.Pd', 'ernisusilawati', 'e55a6bade1e77278fbf2f0d6c517178d', '11TBS2', 'admin'),
('Muhammad Fadhilah Ramadhan', 'fadhilah', 'cf13b35d9a8cbcee12d67b6af754971c', '12RPL1', 'user'),
('Fadida Zanetti Junaedy', 'fadida', '1b78b10964f4530a3fe5e5e1a119c3e5', '11RPL2', 'user'),
('Fahmi Dwi Febrianto, S.Pd', 'fahmidwifebrianto', '12cae12f63f6564cb38a4a7f68cfd1fb', '10PH3', 'admin'),
('Farhan Armawan', 'farhanarmawan', '248d1c233b084936c0624349eef5c21b', '10RPL1', 'user'),
('Fauzi Ibrahim', 'fauzi', 'feddf61d3ef1e64f033987911bc45c0f', '10RPL2', 'user'),
('Fitri Almayda', 'fitri', '721715d7f47b45a089aeebac7eb418c5', '10PH1', 'user'),
('Fitridasti Ning Tiyas', 'fitridasti', 'eaf76fb7480aa7f4c00f8185c6db7bd9', '11TBS3', 'user'),
('Fitri Zahra Ikanov', 'fitrizahra', 'bdea1680203bad7305b8bc6bbeb5325e', '12TBS1', 'user'),
('Drs. Gatot Widodo', 'gatotwidodo', '1b78b10964f4530a3fe5e5e1a119c3e5', '11RPL2', 'admin'),
('Gayatri Putri Kelana', 'gayatri', '8455c5d79ea81b47f403d3a8026aceb0', '10TBS1', 'user'),
('Gita Riana Enny Harwati, S.Pd', 'gitariana', '7584e595f26e8e946d3073be5dc1d2e6', '10TBG2', 'admin'),
('Gladys Thalia Ricci', 'gladys', 'c489dec20021ecfb1559693207cb8de4', '11UPW', 'user'),
('Hulwah', 'hulwah', 'bdea1680203bad7305b8bc6bbeb5325e', '12TBS1', 'user'),
('S. Indah Wamawati', 'indah', 'eaf76fb7480aa7f4c00f8185c6db7bd9', '11TBS3', 'user'),
('Ine Alfiane Febrianti', 'ine', '48a3a42dafb77cdb0810437a18075f43', '10PH2', 'user'),
('Intan Theresia Veronica, S.Pd', 'intantheresia', 'f9f7a11a75f278094dc9be6824a81ac4', '11PH3', 'admin'),
('Ismiyatun, S.Pd', 'ismiyatun', '248d1c233b084936c0624349eef5c21b', '10RPL1', 'admin'),
('Jhon Andre Jhosua Mangiring N', 'jhon', '6d2b5d70b212b0bb2aef02466839a854', '12PH1', 'user'),
('Junaidi, S.Pd.I', 'junaidi', 'f82c2e4e906787001df7d5354ca95cb5', '10TBS3', 'admin'),
('Laras OctaViana', 'laras', 'ca86a1e460a49cbee86232db1b492877', '10UPW', 'user'),
('Leni Tirta Pratiwi', 'leni', 'e55a6bade1e77278fbf2f0d6c517178d', '11TBS2', 'user'),
('Lora Arista Nadeak', 'lora', '4e6eb81027bb9565e12a9e0edc1ff036', '12PH2', 'user'),
('Lusiana Maria', 'lusiana', '5a2f0bec7a1182c590aad7d850d544d7', '11TBS1', 'user'),
('Lutfi Dwi Yuwono', 'lutfi', '81b57496246bb692beffced4ac671c35', '12TBG1', 'user'),
('Luvita Rosmayanti', 'luvita', 'ca86a1e460a49cbee86232db1b492877', '10UPW', 'user'),
('Marsela Amanda Putri Azzahra', 'marsela', '7584e595f26e8e946d3073be5dc1d2e6', '10TBG2', 'user'),
('Murtiyati, S.Pd', 'murtiyati', '6d2b5d70b212b0bb2aef02466839a854', '12PH1', 'admin'),
('Dra. Nebajot Pilistin Luzikooy', 'nebajotpilistin', '721715d7f47b45a089aeebac7eb418c5', '10PH1', 'admin'),
('Niken Wulandari', 'niken', '89e71d84cb77b5ac7572039a96ba3018', '10TBS2', 'user'),
('Novita Rizki', 'novita', 'e55a6bade1e77278fbf2f0d6c517178d', '11TBS2', 'user'),
('Nursinta Nainggolan, S.Pd', 'nursinta', '81b57496246bb692beffced4ac671c35', '12TBG1', 'admin'),
('Nur Siti Kundakimah, S.Pd', 'nursitikundakimah', '48a3a42dafb77cdb0810437a18075f43', '10PH2', 'admin'),
('Oswald Christian', 'oswald', '8ea1113c8425ef24b2309c36423df08d', '11RPL1', 'user'),
('Pedro Antonio Putra Sinurat', 'pedro', '1bd81f0d7844afbb5d7758ab7a774b6b', '10TBG3', 'user'),
('Pradilah Tahta Dhilika', 'pradilah', '1df2fb9faaebb899a73b5f6265595c38', '10TBG1', 'user'),
('Garin Qoyyum Amri', 'qoyyum', '4613a0c1f85a580842b74febd9e5b599', '12TBG2', 'user'),
('Raka Alvian', 'raka', 'c489dec20021ecfb1559693207cb8de4', '11UPW', 'user'),
('Muhammad Rama Fauzan', 'ramafauzan', '1df2fb9faaebb899a73b5f6265595c38', '10TBG1', 'user'),
('Ranata Silvia', 'ranata', '81b57496246bb692beffced4ac671c35', '12TBG1', 'user'),
('Rere Rizky Aryandi', 'rere', '4613a0c1f85a580842b74febd9e5b599', '12TBG2', 'user'),
('Rian Pioriandana, ST', 'rianpioriandana', '8ea1113c8425ef24b2309c36423df08d', '11RPL1', 'admin'),
('Rizky Jonathan Fatahillah', 'rizky', '721715d7f47b45a089aeebac7eb418c5', '10PH1', 'user'),
('Rizqi Ramadhan', 'rizqi', '919f844f5e0a26e4d0240e078a1e5b74', '12RPL2', 'user'),
('Rofiqoh, S.Pd., MM', 'rofiqoh', '4613a0c1f85a580842b74febd9e5b599', '12TBG2', 'admin'),
('Dra. Romaida Siallagan', 'romaida', 'cf13b35d9a8cbcee12d67b6af754971c', '12RPL1', 'admin'),
('Ronggo Fattah Abdullah', 'ronggo', '8ea1113c8425ef24b2309c36423df08d', '11RPL1', 'user'),
('Rospita Dewi, S.Pd', 'rospitadewi', '89e71d84cb77b5ac7572039a96ba3018', '10TBS2', 'admin'),
('Siti Arina Rahayu, S.Pd', 'sitiarina', '1bd81f0d7844afbb5d7758ab7a774b6b', '10TBG3', 'admin'),
('Dra. Sri Nuryati', 'srinuryati', '9dd9a8ce731b9da6d25f466db83d1a70', '11PH1', 'admin'),
('Sulistyorini Nurlibrasih, S.Pd', 'sulistyorini', '1df2fb9faaebb899a73b5f6265595c38', '10TBG1', 'admin'),
('Susy Wahyuni, S.Pd', 'susywahyuni', '8455c5d79ea81b47f403d3a8026aceb0', '10TBS1', 'admin'),
('Tarisah', 'tarisah', '12cae12f63f6564cb38a4a7f68cfd1fb', '10PH3', 'user'),
('Tety Nainggolan, S.Pd', 'tetynainggolan', '4e6eb81027bb9565e12a9e0edc1ff036', '12PH2', 'admin'),
('Tiara Aulia Akbar', 'tiara', '1b78b10964f4530a3fe5e5e1a119c3e5', '11RPL2', 'user'),
('Titik Sulistiyowati, S.Pd', 'titiksulistiyowati', 'bcd538d6fe2f07f13235300d214c047d', '11PH2', 'admin'),
('Tjandra Sarie', 'tjandrasarie', 'd816b9c3b7c3a02b217fdffbe2d2cb6f', '', 'admin'),
('Wawan Sumarwan, S.Pd', 'wawansumarwan', 'feddf61d3ef1e64f033987911bc45c0f', '10RPL2', 'admin'),
('Widya Dewi, S.Pd., MM', 'widyadewi', '5d5fb7a7ef0ad1b54ca52a3af3e0462f', '11TBG3', 'admin'),
('Yollanda Fujiamulia', 'yollanda', '5a2f0bec7a1182c590aad7d850d544d7', '11TBS1', 'user'),
('Dra. Yuana Tumastuti S', 'yuanatumastuti', '5a2f0bec7a1182c590aad7d850d544d7', '11TBS1', 'admin'),
('Mochammad Yusuf Zulkarnaen', 'yusuf', '12cae12f63f6564cb38a4a7f68cfd1fb', '10PH3', 'user');

--
-- Indexes for dumped tables
--

--
-- Indexes for table `foto`
--
ALTER TABLE `foto`
  ADD PRIMARY KEY (`id`);

--
-- Indexes for table `kelas`
--
ALTER TABLE `kelas`
  ADD PRIMARY KEY (`kd_kelas`);

--
-- Indexes for table `piket`
--
ALTER TABLE `piket`
  ADD PRIMARY KEY (`id_piket`);

--
-- Indexes for table `siswa`
--
ALTER TABLE `siswa`
  ADD PRIMARY KEY (`nis`),
  ADD KEY `no_2` (`no`);

--
-- Indexes for table `users`
--
ALTER TABLE `users`
  ADD PRIMARY KEY (`username`);

--
-- AUTO_INCREMENT for dumped tables
--

--
-- AUTO_INCREMENT for table `foto`
--
ALTER TABLE `foto`
  MODIFY `id` int(11) NOT NULL AUTO_INCREMENT, AUTO_INCREMENT=3;
--
-- AUTO_INCREMENT for table `piket`
--
ALTER TABLE `piket`
  MODIFY `id_piket` int(6) NOT NULL AUTO_INCREMENT, AUTO_INCREMENT=10;
/*!40101 SET CHARACTER_SET_CLIENT=@OLD_CHARACTER_SET_CLIENT */;
/*!40101 SET CHARACTER_SET_RESULTS=@OLD_CHARACTER_SET_RESULTS */;
/*!40101 SET COLLATION_CONNECTION=@OLD_COLLATION_CONNECTION */;
